source_name,platform,team_or_scope,video_id,title,published,updated,author,url,embed_url,thumbnail_url,matched_keywords,relevance_score,is_mens_world_cup_relevant,exclusion_reason,rights_posture,analysis_allowed_v1,download_allowed,retrieved_on
FIFA,YouTube,Global,oS958djrsyk,Remember These Awesome 2006 FIFA World Cup Moments?,2026-06-09T13:30:23+00:00,2026-06-09T13:35:49+00:00,FIFA,https://www.youtube.com/watch?v=oS958djrsyk,https://www.youtube.com/embed/oS958djrsyk,https://i4.ytimg.com/vi/oS958djrsyk/hqdefault.jpg,world cup|fifa,2,False,women_or_girls_football,metadata_embed_only,metadata_embed_transcript_if_available,no,2026-06-10
FIFA,YouTube,Global,QY5RBIYFYzw,THE BEST EVER FIFA WORLD CUP GOALS | Part 1,2026-06-09T13:00:02+00:00,2026-06-09T13:04:41+00:00,FIFA,https://www.youtube.com/watch?v=QY5RBIYFYzw,https://www.youtube.com/embed/QY5RBIYFYzw,https://i2.ytimg.com/vi/QY5RBIYFYzw/hqdefault.jpg,world cup|fifa,2,False,women_or_girls_football,metadata_embed_only,metadata_embed_transcript_if_available,no,2026-06-10
FIFA,YouTube,Global,FyZCa50d4zE,FIFA World Cup 2026 | Stories From The Cities | Episode 14: San Francisco Bay Area,2026-06-09T12:30:10+00:00,2026-06-09T12:33:53+00:00,FIFA,https://www.youtube.com/watch?v=FyZCa50d4zE,https://www.youtube.com/embed/FyZCa50d4zE,https://i3.ytimg.com/vi/FyZCa50d4zE/hqdefault.jpg,world cup|fifa,2,False,women_or_girls_football,metadata_embed_only,metadata_embed_transcript_if_available,no,2026-06-10
FIFA,YouTube,Global,88hkE5VBGyA,1-Minute Match | Brazil Batter Ivorians |  2010 FIFA World Cup,2026-06-09T11:30:11+00:00,2026-06-09T11:30:11+00:00,FIFA,https://www.youtube.com/watch?v=88hkE5VBGyA,https://www.youtube.com/embed/88hkE5VBGyA,https://i1.ytimg.com/vi/88hkE5VBGyA/hqdefault.jpg,world cup|fifa,2,False,women_or_girls_football,metadata_embed_only,metadata_embed_transcript_if_available,no,2026-06-10
FIFA,YouTube,Global,ofu0x-N0fOw,"FIFA World Cup 2026 | Preview Series | Episode 11: ""To The Wire""",2026-06-09T10:30:04+00:00,2026-06-09T10:35:05+00:00,FIFA,https://www.youtube.com/watch?v=ofu0x-N0fOw,https://www.youtube.com/embed/ofu0x-N0fOw,https://i4.ytimg.com/vi/ofu0x-N0fOw/hqdefault.jpg,world cup|fifa,2,False,women_or_girls_football,metadata_embed_only,metadata_embed_transcript_if_available,no,2026-06-10
FIFA,YouTube,Global,236lXSDV360,1-Minute Drama: England Penalty Joy vs Colombia | 2018 Quarter-Final,2026-06-09T09:30:10+00:00,2026-06-09T09:30:11+00:00,FIFA,https://www.youtube.com/watch?v=236lXSDV360,https://www.youtube.com/embed/236lXSDV360,https://i3.ytimg.com/vi/236lXSDV360/hqdefault.jpg,world cup|fifa,2,False,women_or_girls_football,metadata_embed_only,metadata_embed_transcript_if_available,no,2026-06-10
FIFA,YouTube,Global,pf1vaE6fhEQ,20 Years Since Germany 2006 | The Stars of 2026 Remember the 2006 #FIFAWorldCup ,2026-06-09T09:29:24+00:00,2026-06-09T10:01:11+00:00,FIFA,https://www.youtube.com/watch?v=pf1vaE6fhEQ,https://www.youtube.com/embed/pf1vaE6fhEQ,https://i1.ytimg.com/vi/pf1vaE6fhEQ/hqdefault.jpg,world cup|fifa,2,False,women_or_girls_football,metadata_embed_only,metadata_embed_transcript_if_available,no,2026-06-10
FIFA,YouTube,Global,Zxxg5sqrp04,Jay-Jay Okocha Incredible Showboat Skills! #shorts #nigeria #worldcup,2026-06-09T09:00:21+00:00,2026-06-09T09:00:37+00:00,FIFA,https://www.youtube.com/shorts/Zxxg5sqrp04,https://www.youtube.com/embed/Zxxg5sqrp04,https://i3.ytimg.com/vi/Zxxg5sqrp04/hqdefault.jpg,,0,False,,metadata_embed_only,metadata_embed_transcript_if_available,no,2026-06-10
FIFA,YouTube,Global,fb9GJidpoYU,FIFA World Cup 2026 | Stories From The Cities | Episode 13: Monterrey,2026-06-09T08:30:27+00:00,2026-06-09T08:30:28+00:00,FIFA,https://www.youtube.com/watch?v=fb9GJidpoYU,https://www.youtube.com/embed/fb9GJidpoYU,https://i3.ytimg.com/vi/fb9GJidpoYU/hqdefault.jpg,world cup|fifa,2,False,women_or_girls_football,metadata_embed_only,metadata_embed_transcript_if_available,no,2026-06-10
FIFA,YouTube,Global,mHM2x83Gv14,Hugo Broos On South Africa's Opening Match vs Mexico | FIFA World Cup 2026,2026-06-09T08:00:06+00:00,2026-06-09T08:05:41+00:00,FIFA,https://www.youtube.com/watch?v=mHM2x83Gv14,https://www.youtube.com/embed/mHM2x83Gv14,https://i2.ytimg.com/vi/mHM2x83Gv14/hqdefault.jpg,world cup|fifa,2,False,women_or_girls_football,metadata_embed_only,metadata_embed_transcript_if_available,no,2026-06-10
FIFA,YouTube,Global,iyRHrzuhrLA,"Kane, Saka & More: All England Goals (2018-2022)",2026-06-09T07:30:09+00:00,2026-06-09T07:35:41+00:00,FIFA,https://www.youtube.com/watch?v=iyRHrzuhrLA,https://www.youtube.com/embed/iyRHrzuhrLA,https://i2.ytimg.com/vi/iyRHrzuhrLA/hqdefault.jpg,world cup|fifa,2,False,women_or_girls_football,metadata_embed_only,metadata_embed_transcript_if_available,no,2026-06-10
FIFA,YouTube,Global,RTRPF6OBGtI,"FIFA World Cup 2026 | Preview Series | Episode 10: ""New Voices""",2026-06-09T06:30:03+00:00,2026-06-09T06:35:04+00:00,FIFA,https://www.youtube.com/watch?v=RTRPF6OBGtI,https://www.youtube.com/embed/RTRPF6OBGtI,https://i3.ytimg.com/vi/RTRPF6OBGtI/hqdefault.jpg,world cup|fifa,2,False,women_or_girls_football,metadata_embed_only,metadata_embed_transcript_if_available,no,2026-06-10
FIFA,YouTube,Global,ZR7-iM-ooPg,15 MINUTES OF PORTUGAL's FIFA World Cup Goals (2014-2022),2026-06-09T05:30:25+00:00,2026-06-09T09:00:20+00:00,FIFA,https://www.youtube.com/watch?v=ZR7-iM-ooPg,https://www.youtube.com/embed/ZR7-iM-ooPg,https://i3.ytimg.com/vi/ZR7-iM-ooPg/hqdefault.jpg,world cup|fifa,2,False,women_or_girls_football,metadata_embed_only,metadata_embed_transcript_if_available,no,2026-06-10
FIFA,YouTube,Global,IhFGNOegCzY,FIFA World Cup 2026 | Stories From The Cities | Episode 12: Atlanta,2026-06-09T04:30:03+00:00,2026-06-09T04:35:27+00:00,FIFA,https://www.youtube.com/watch?v=IhFGNOegCzY,https://www.youtube.com/embed/IhFGNOegCzY,https://i2.ytimg.com/vi/IhFGNOegCzY/hqdefault.jpg,world cup|fifa,2,False,women_or_girls_football,metadata_embed_only,metadata_embed_transcript_if_available,no,2026-06-10
FIFA,YouTube,Global,N18F4wyrImo,Messi's Best World Cup Free Kick? #shorts #messi #worldcup,2026-06-09T03:30:09+00:00,2026-06-09T03:30:09+00:00,FIFA,https://www.youtube.com/shorts/N18F4wyrImo,https://www.youtube.com/embed/N18F4wyrImo,https://i3.ytimg.com/vi/N18F4wyrImo/hqdefault.jpg,world cup|fifa,2,True,,metadata_embed_only,metadata_embed_transcript_if_available,no,2026-06-10
England,YouTube,England,S8z7Z5ZDYPY,"""It was sick, I looked sick!""  💇‍♂️ Budweiser FIFA World Cup Can Challenge",2026-06-09T13:00:29+00:00,2026-06-09T13:38:03+00:00,England,https://www.youtube.com/shorts/S8z7Z5ZDYPY,https://www.youtube.com/embed/S8z7Z5ZDYPY,https://i4.ytimg.com/vi/S8z7Z5ZDYPY/hqdefault.jpg,world cup|fifa|highlights,3,True,,metadata_embed_only,metadata_embed_transcript_if_available,no,2026-06-10
England,YouTube,England,sbAbab22DKQ,Watkins And Henderson Talk About Their Call-Ups 📞,2026-06-09T11:00:29+00:00,2026-06-09T11:00:48+00:00,England,https://www.youtube.com/shorts/sbAbab22DKQ,https://www.youtube.com/embed/sbAbab22DKQ,https://i4.ytimg.com/vi/sbAbab22DKQ/hqdefault.jpg,fifa|highlights|squad,3,False,,metadata_embed_only,metadata_embed_transcript_if_available,no,2026-06-10
England,YouTube,England,92JHkh-Rr-g,Ollie Watkins and Dean Henderson Were ON FORM in the Den! | Ep. 4 | Lions' Den Connected by EE,2026-06-09T09:00:06+00:00,2026-06-09T09:04:47+00:00,England,https://www.youtube.com/watch?v=92JHkh-Rr-g,https://www.youtube.com/embed/92JHkh-Rr-g,https://i2.ytimg.com/vi/92JHkh-Rr-g/hqdefault.jpg,fifa|highlights,2,False,,metadata_embed_only,metadata_embed_transcript_if_available,no,2026-06-10
England,YouTube,England,UjncvgcJ5Sg,Arsenal Stars Arrive 👋 Guéhi Picks His USA GOATs 🐐 Anderson Tees It Up 🏌️ | Ep.1 | Extra Time,2026-06-08T17:00:29+00:00,2026-06-09T09:37:19+00:00,England,https://www.youtube.com/watch?v=UjncvgcJ5Sg,https://www.youtube.com/embed/UjncvgcJ5Sg,https://i2.ytimg.com/vi/UjncvgcJ5Sg/hqdefault.jpg,world cup|fifa|highlights,3,True,,metadata_embed_only,metadata_embed_transcript_if_available,no,2026-06-10
England,YouTube,England,DXtXAqaHn6M,FULL MATCH | England v Ukraine | Women | FIFA World Cup European Qualifier,2026-06-08T16:51:14+00:00,2026-06-09T10:26:55+00:00,England,https://www.youtube.com/watch?v=DXtXAqaHn6M,https://www.youtube.com/embed/DXtXAqaHn6M,https://i1.ytimg.com/vi/DXtXAqaHn6M/hqdefault.jpg,world cup|fifa|highlights|qualifier,4,False,women_or_girls_football,metadata_embed_only,metadata_embed_transcript_if_available,no,2026-06-10
England,YouTube,England,SDZqIHQtZfM,These Three Lions have game... 🏀👀 | Extra Edge Challenge,2026-06-08T15:28:41+00:00,2026-06-09T06:26:42+00:00,England,https://www.youtube.com/shorts/SDZqIHQtZfM,https://www.youtube.com/embed/SDZqIHQtZfM,https://i4.ytimg.com/vi/SDZqIHQtZfM/hqdefault.jpg,highlights,1,True,,metadata_embed_only,metadata_embed_transcript_if_available,no,2026-06-10
England,YouTube,England,pP6zyQGshBI,"""I can't look you in the eyes!"" 🤣 | Stones, Konsa and Burn's Budweiser FIFA World Cup Can Challenge",2026-06-08T13:00:30+00:00,2026-06-08T17:11:05+00:00,England,https://www.youtube.com/watch?v=pP6zyQGshBI,https://www.youtube.com/embed/pP6zyQGshBI,https://i1.ytimg.com/vi/pP6zyQGshBI/hqdefault.jpg,world cup|fifa|highlights,3,True,,metadata_embed_only,metadata_embed_transcript_if_available,no,2026-06-10
England,YouTube,England,g1j6Td7anMY,James Trafford and Tino Livramento Join Us In The Den! | Ep. 3 | Lions' Den Connected by EE,2026-06-08T09:00:05+00:00,2026-06-09T06:27:30+00:00,England,https://www.youtube.com/watch?v=g1j6Td7anMY,https://www.youtube.com/embed/g1j6Td7anMY,https://i4.ytimg.com/vi/g1j6Td7anMY/hqdefault.jpg,fifa|highlights,2,False,,metadata_embed_only,metadata_embed_transcript_if_available,no,2026-06-10
England,YouTube,England,b9yOZqlqoNs,Spence 👉 Kane,2026-06-08T07:33:18+00:00,2026-06-09T07:03:55+00:00,England,https://www.youtube.com/shorts/b9yOZqlqoNs,https://www.youtube.com/embed/b9yOZqlqoNs,https://i3.ytimg.com/vi/b9yOZqlqoNs/hqdefault.jpg,fifa|highlights,2,False,,metadata_embed_only,metadata_embed_transcript_if_available,no,2026-06-10
England,YouTube,England,p3Js2tYxNJM,Warm Welcome For Our Arsenal Quartet 👋,2026-06-08T07:29:57+00:00,2026-06-09T06:48:03+00:00,England,https://www.youtube.com/shorts/p3Js2tYxNJM,https://www.youtube.com/embed/p3Js2tYxNJM,https://i1.ytimg.com/vi/p3Js2tYxNJM/hqdefault.jpg,fifa|highlights,2,False,,metadata_embed_only,metadata_embed_transcript_if_available,no,2026-06-10
England,YouTube,England,QpMcpu-JB-c,Three Lions Start Summer With A Win | HIGHLIGHTS | England v New Zealand | Men | International Match,2026-06-07T22:00:38+00:00,2026-06-08T06:08:53+00:00,England,https://www.youtube.com/watch?v=QpMcpu-JB-c,https://www.youtube.com/embed/QpMcpu-JB-c,https://i2.ytimg.com/vi/QpMcpu-JB-c/hqdefault.jpg,world cup|fifa|highlights,3,True,,metadata_embed_only,metadata_embed_transcript_if_available,no,2026-06-10
England,YouTube,England,q2hQP-_wKng,Building the Dream: Lift-Off | Episode 1 | England Originals,2026-06-07T18:00:02+00:00,2026-06-08T14:22:03+00:00,England,https://www.youtube.com/watch?v=q2hQP-_wKng,https://www.youtube.com/embed/q2hQP-_wKng,https://i2.ytimg.com/vi/q2hQP-_wKng/hqdefault.jpg,world cup|highlights|interview,3,True,,metadata_embed_only,metadata_embed_transcript_if_available,no,2026-06-10
England,YouTube,England,4ELgbvETWX0,Full focus on Tuesday 🤝,2026-06-07T14:04:33+00:00,2026-06-08T07:01:43+00:00,England,https://www.youtube.com/shorts/4ELgbvETWX0,https://www.youtube.com/embed/4ELgbvETWX0,https://i1.ytimg.com/vi/4ELgbvETWX0/hqdefault.jpg,,0,False,,metadata_embed_only,metadata_embed_transcript_if_available,no,2026-06-10
England,YouTube,England,gZoWhYYTROA,"""I'm speechless!"" 🦁❤️ A special moment between Rio Ngumoha and Jude Bellingham 🙌",2026-06-07T09:24:17+00:00,2026-06-08T06:21:17+00:00,England,https://www.youtube.com/shorts/gZoWhYYTROA,https://www.youtube.com/embed/gZoWhYYTROA,https://i4.ytimg.com/vi/gZoWhYYTROA/hqdefault.jpg,fifa|highlights,2,False,,metadata_embed_only,metadata_embed_transcript_if_available,no,2026-06-10
England,YouTube,England,x2LsN3MRI4M,Big saves in camp 🧤,2026-06-06T16:00:39+00:00,2026-06-07T06:30:22+00:00,England,https://www.youtube.com/shorts/x2LsN3MRI4M,https://www.youtube.com/embed/x2LsN3MRI4M,https://i1.ytimg.com/vi/x2LsN3MRI4M/hqdefault.jpg,fifa|highlights,2,False,,metadata_embed_only,metadata_embed_transcript_if_available,no,2026-06-10
US Soccer,YouTube,USA,PGlWHog36nQ,26 Stories To '26 with USMNT's Sebastian Berhalter,2026-06-09T00:28:05+00:00,2026-06-09T02:46:51+00:00,U.S. Soccer,https://www.youtube.com/watch?v=PGlWHog36nQ,https://www.youtube.com/embed/PGlWHog36nQ,https://i1.ytimg.com/vi/PGlWHog36nQ/hqdefault.jpg,world cup|fifa,2,True,,metadata_embed_only,metadata_embed_transcript_if_available,no,2026-06-10
US Soccer,YouTube,USA,_82GqyIlc3g,26 Stories To '26 with USMNT's Auston Trusty,2026-06-09T00:27:20+00:00,2026-06-09T00:27:24+00:00,U.S. Soccer,https://www.youtube.com/watch?v=_82GqyIlc3g,https://www.youtube.com/embed/_82GqyIlc3g,https://i4.ytimg.com/vi/_82GqyIlc3g/hqdefault.jpg,world cup|fifa,2,True,,metadata_embed_only,metadata_embed_transcript_if_available,no,2026-06-10
US Soccer,YouTube,USA,KeVAMfgO60Y,26 Stories To '26 with USMNT's Malik Tillman,2026-06-09T00:26:45+00:00,2026-06-09T02:06:31+00:00,U.S. Soccer,https://www.youtube.com/watch?v=KeVAMfgO60Y,https://www.youtube.com/embed/KeVAMfgO60Y,https://i4.ytimg.com/vi/KeVAMfgO60Y/hqdefault.jpg,world cup|fifa,2,True,,metadata_embed_only,metadata_embed_transcript_if_available,no,2026-06-10
US Soccer,YouTube,USA,uEMihYz7zEE,26 Stories To '26 with USMNT's Cristian Roldan,2026-06-08T23:02:26+00:00,2026-06-08T23:02:29+00:00,U.S. Soccer,https://www.youtube.com/watch?v=uEMihYz7zEE,https://www.youtube.com/embed/uEMihYz7zEE,https://i2.ytimg.com/vi/uEMihYz7zEE/hqdefault.jpg,world cup|fifa,2,True,,metadata_embed_only,metadata_embed_transcript_if_available,no,2026-06-10
US Soccer,YouTube,USA,hlsFtnZzngk,26 Stories To '26 with USMNT's Tyler Adams,2026-06-08T22:58:32+00:00,2026-06-09T08:34:31+00:00,U.S. Soccer,https://www.youtube.com/watch?v=hlsFtnZzngk,https://www.youtube.com/embed/hlsFtnZzngk,https://i1.ytimg.com/vi/hlsFtnZzngk/hqdefault.jpg,world cup|fifa,2,True,,metadata_embed_only,metadata_embed_transcript_if_available,no,2026-06-10
US Soccer,YouTube,USA,dicU4gwzM6c,"26 USMNT Moments, Past to Present: Episode 23",2026-06-08T19:00:12+00:00,2026-06-09T07:25:01+00:00,U.S. Soccer,https://www.youtube.com/watch?v=dicU4gwzM6c,https://www.youtube.com/embed/dicU4gwzM6c,https://i1.ytimg.com/vi/dicU4gwzM6c/hqdefault.jpg,world cup|fifa,2,True,,metadata_embed_only,metadata_embed_transcript_if_available,no,2026-06-10
US Soccer,YouTube,USA,FWkQKlQynp0,26 USMNT Momentos: Pasado a Presente - Episodio 23,2026-06-08T19:00:04+00:00,2026-06-09T06:27:45+00:00,U.S. Soccer,https://www.youtube.com/watch?v=FWkQKlQynp0,https://www.youtube.com/embed/FWkQKlQynp0,https://i3.ytimg.com/vi/FWkQKlQynp0/hqdefault.jpg,world cup|fifa,2,True,,metadata_embed_only,metadata_embed_transcript_if_available,no,2026-06-10
US Soccer,YouTube,USA,gwqCKx0peoA,"U.S. Men’s National Team player availability | June 8, 2026",2026-06-08T17:40:32+00:00,2026-06-09T07:24:34+00:00,U.S. Soccer,https://www.youtube.com/watch?v=gwqCKx0peoA,https://www.youtube.com/embed/gwqCKx0peoA,https://i4.ytimg.com/vi/gwqCKx0peoA/hqdefault.jpg,world cup|fifa|training|press conference,4,True,,metadata_embed_only,metadata_embed_transcript_if_available,no,2026-06-10
US Soccer,YouTube,USA,x2K4-l5N7Ec,Emma Hayes Match Day-1 Press Conference | USWNT vs Brazil,2026-06-08T14:54:59+00:00,2026-06-08T16:13:04+00:00,U.S. Soccer,https://www.youtube.com/watch?v=x2K4-l5N7Ec,https://www.youtube.com/embed/x2K4-l5N7Ec,https://i1.ytimg.com/vi/x2K4-l5N7Ec/hqdefault.jpg,press conference,1,False,women_or_girls_football,metadata_embed_only,metadata_embed_transcript_if_available,no,2026-06-10
US Soccer,YouTube,USA,y2aPZhz-GmA,26 USMNT Momentos: Pasado a Presente - Episodio 22,2026-06-07T20:02:36+00:00,2026-06-08T07:52:45+00:00,U.S. Soccer,https://www.youtube.com/watch?v=y2aPZhz-GmA,https://www.youtube.com/embed/y2aPZhz-GmA,https://i2.ytimg.com/vi/y2aPZhz-GmA/hqdefault.jpg,,0,False,,metadata_embed_only,metadata_embed_transcript_if_available,no,2026-06-10
US Soccer,YouTube,USA,l8JgDLwj-5s,"26 USMNT Moments, Past to Present: Episode 22",2026-06-07T20:02:33+00:00,2026-06-07T22:14:27+00:00,U.S. Soccer,https://www.youtube.com/watch?v=l8JgDLwj-5s,https://www.youtube.com/embed/l8JgDLwj-5s,https://i1.ytimg.com/vi/l8JgDLwj-5s/hqdefault.jpg,,0,False,,metadata_embed_only,metadata_embed_transcript_if_available,no,2026-06-10
US Soccer,YouTube,USA,t4JF5AbSTGg,This View of Antonee Robinson’s Volley 😨,2026-06-07T17:17:09+00:00,2026-06-08T06:27:45+00:00,U.S. Soccer,https://www.youtube.com/shorts/t4JF5AbSTGg,https://www.youtube.com/embed/t4JF5AbSTGg,https://i1.ytimg.com/vi/t4JF5AbSTGg/hqdefault.jpg,,0,False,,metadata_embed_only,metadata_embed_transcript_if_available,no,2026-06-10
US Soccer,YouTube,USA,iAi2v3gXO5M,Sophia Wilson Scores First Goal as a Mom! | USWNT 1-2 Brazil | Highlights | International Friendly,2026-06-07T02:35:53+00:00,2026-06-07T07:01:48+00:00,U.S. Soccer,https://www.youtube.com/watch?v=iAi2v3gXO5M,https://www.youtube.com/embed/iAi2v3gXO5M,https://i2.ytimg.com/vi/iAi2v3gXO5M/hqdefault.jpg,world cup|fifa|highlights|friendly,4,False,women_or_girls_football,metadata_embed_only,metadata_embed_transcript_if_available,no,2026-06-10
US Soccer,YouTube,USA,5YDD7YaKezk,Emma Hayes Post-Match Press Conference | USWNT vs Brazil,2026-06-07T00:42:01+00:00,2026-06-08T03:58:27+00:00,U.S. Soccer,https://www.youtube.com/watch?v=5YDD7YaKezk,https://www.youtube.com/embed/5YDD7YaKezk,https://i2.ytimg.com/vi/5YDD7YaKezk/hqdefault.jpg,press conference,1,False,women_or_girls_football,metadata_embed_only,metadata_embed_transcript_if_available,no,2026-06-10
US Soccer,YouTube,USA,hXGW4wExtEo,Send-Off Match in Chicago HIGHLIGHTS | USMNT 1-Germany 2 | International Friendly,2026-06-07T00:38:56+00:00,2026-06-07T06:19:19+00:00,U.S. Soccer,https://www.youtube.com/watch?v=hXGW4wExtEo,https://www.youtube.com/embed/hXGW4wExtEo,https://i1.ytimg.com/vi/hXGW4wExtEo/hqdefault.jpg,world cup|fifa|highlights|friendly,4,True,,metadata_embed_only,metadata_embed_transcript_if_available,no,2026-06-10
Canada Soccer,YouTube,Canada,WN1NUdyZp_U,Liam Millar | Summer of Red,2026-06-08T20:00:19+00:00,2026-06-09T06:25:16+00:00,Canada Soccer,https://www.youtube.com/watch?v=WN1NUdyZp_U,https://www.youtube.com/embed/WN1NUdyZp_U,https://i4.ytimg.com/vi/WN1NUdyZp_U/hqdefault.jpg,world cup|fifa,2,True,,metadata_embed_only,metadata_embed_transcript_if_available,no,2026-06-10
Canada Soccer,YouTube,Canada,Ku7M6Z-LM6U,Called up | Élisabeth Tsé,2026-06-07T22:14:18+00:00,2026-06-08T07:05:56+00:00,Canada Soccer,https://www.youtube.com/shorts/Ku7M6Z-LM6U,https://www.youtube.com/embed/Ku7M6Z-LM6U,https://i4.ytimg.com/vi/Ku7M6Z-LM6U/hqdefault.jpg,,0,False,,metadata_embed_only,metadata_embed_transcript_if_available,no,2026-06-10
Canada Soccer,YouTube,Canada,wC8H-qSYfFk,DREAMS AND DECISIONS | ON GUARD S2E4 CANMNT,2026-06-07T18:59:33+00:00,2026-06-08T06:59:39+00:00,Canada Soccer,https://www.youtube.com/watch?v=wC8H-qSYfFk,https://www.youtube.com/embed/wC8H-qSYfFk,https://i4.ytimg.com/vi/wC8H-qSYfFk/hqdefault.jpg,world cup|fifa|squad,3,True,,metadata_embed_only,metadata_embed_transcript_if_available,no,2026-06-10
Canada Soccer,YouTube,Canada,zqvdM4u7dos,"""We Can Build A Generation"" | Ismaël Koné | Summer of Red",2026-06-06T21:00:30+00:00,2026-06-09T10:02:04+00:00,Canada Soccer,https://www.youtube.com/watch?v=zqvdM4u7dos,https://www.youtube.com/embed/zqvdM4u7dos,https://i3.ytimg.com/vi/zqvdM4u7dos/hqdefault.jpg,world cup|fifa,2,True,,metadata_embed_only,metadata_embed_transcript_if_available,no,2026-06-10
Canada Soccer,YouTube,Canada,qz5MH_xyu5g,Crepeau's Clutch Save! | CANMNT vs Ireland Highlights,2026-06-06T03:59:47+00:00,2026-06-06T07:01:39+00:00,Canada Soccer,https://www.youtube.com/watch?v=qz5MH_xyu5g,https://www.youtube.com/embed/qz5MH_xyu5g,https://i2.ytimg.com/vi/qz5MH_xyu5g/hqdefault.jpg,highlights,1,True,,metadata_embed_only,metadata_embed_transcript_if_available,no,2026-06-10
Canada Soccer,YouTube,Canada,CkDdOBq4llg,"""A Team That Represents What Canada Is!"" Jonathan Osorio | Summer of Red",2026-06-05T18:06:42+00:00,2026-06-06T07:13:40+00:00,Canada Soccer,https://www.youtube.com/watch?v=CkDdOBq4llg,https://www.youtube.com/embed/CkDdOBq4llg,https://i4.ytimg.com/vi/CkDdOBq4llg/hqdefault.jpg,world cup|fifa,2,True,,metadata_embed_only,metadata_embed_transcript_if_available,no,2026-06-10
Canada Soccer,YouTube,Canada,W4NU4fnMp9U,"""I BLAME YOU"" Simi Awujo | Mic'd Up 🎙️😂",2026-06-05T17:00:25+00:00,2026-06-06T06:22:17+00:00,Canada Soccer,https://www.youtube.com/watch?v=W4NU4fnMp9U,https://www.youtube.com/embed/W4NU4fnMp9U,https://i4.ytimg.com/vi/W4NU4fnMp9U/hqdefault.jpg,training,1,False,women_or_girls_football,metadata_embed_only,metadata_embed_transcript_if_available,no,2026-06-10
Canada Soccer,YouTube,Canada,2s659_rjOC0,Derek Cornelius | Summer of Red,2026-06-05T01:25:42+00:00,2026-06-05T09:03:27+00:00,Canada Soccer,https://www.youtube.com/watch?v=2s659_rjOC0,https://www.youtube.com/embed/2s659_rjOC0,https://i3.ytimg.com/vi/2s659_rjOC0/hqdefault.jpg,world cup|fifa,2,True,,metadata_embed_only,metadata_embed_transcript_if_available,no,2026-06-10
Canada Soccer,YouTube,Canada,HSdFixivctA,'I Was Told I Wasn't Good Enough for Division One Soccer' | Tajon Buchanan | Summer of RED,2026-06-04T15:00:09+00:00,2026-06-05T09:14:42+00:00,Canada Soccer,https://www.youtube.com/watch?v=HSdFixivctA,https://www.youtube.com/embed/HSdFixivctA,https://i1.ytimg.com/vi/HSdFixivctA/hqdefault.jpg,world cup|fifa,2,True,,metadata_embed_only,metadata_embed_transcript_if_available,no,2026-06-10
Canada Soccer,YouTube,Canada,YNbQhtFwddQ,OSORIO DRIVES IT IN | CANMNT v Uzbekistan Highlights,2026-06-02T06:31:51+00:00,2026-06-03T09:31:00+00:00,Canada Soccer,https://www.youtube.com/watch?v=YNbQhtFwddQ,https://www.youtube.com/embed/YNbQhtFwddQ,https://i2.ytimg.com/vi/YNbQhtFwddQ/hqdefault.jpg,world cup|highlights|friendly,3,True,,metadata_embed_only,metadata_embed_transcript_if_available,no,2026-06-10
Canada Soccer,YouTube,Canada,WxCHNrgFTPc,The People's Team | On Guard: CANMNT | Season 2 Episode 3,2026-06-01T02:16:43+00:00,2026-06-08T23:15:08+00:00,Canada Soccer,https://www.youtube.com/watch?v=WxCHNrgFTPc,https://www.youtube.com/embed/WxCHNrgFTPc,https://i4.ytimg.com/vi/WxCHNrgFTPc/hqdefault.jpg,world cup,1,True,,metadata_embed_only,metadata_embed_transcript_if_available,no,2026-06-10
Canada Soccer,YouTube,Canada,Z6cTXqvSTqU,FIFA World Cup 2026 Roster Reveal | OUR GAME NOW,2026-05-29T23:48:43+00:00,2026-06-01T03:49:53+00:00,Canada Soccer,https://www.youtube.com/watch?v=Z6cTXqvSTqU,https://www.youtube.com/embed/Z6cTXqvSTqU,https://i3.ytimg.com/vi/Z6cTXqvSTqU/hqdefault.jpg,world cup|fifa,2,True,,metadata_embed_only,metadata_embed_transcript_if_available,no,2026-06-10
Canada Soccer,YouTube,Canada,tU8eytxfFHE,INKED | Dayne St Clair,2026-05-26T22:30:38+00:00,2026-05-27T07:39:14+00:00,Canada Soccer,https://www.youtube.com/shorts/tU8eytxfFHE,https://www.youtube.com/embed/tU8eytxfFHE,https://i1.ytimg.com/vi/tU8eytxfFHE/hqdefault.jpg,,0,False,,metadata_embed_only,metadata_embed_transcript_if_available,no,2026-06-10
Canada Soccer,YouTube,Canada,vqAh0Jxm8Zo,"Impressive, Most Impressive... | One Word with Ralph Priso",2026-05-26T13:30:37+00:00,2026-05-26T13:30:59+00:00,Canada Soccer,https://www.youtube.com/shorts/vqAh0Jxm8Zo,https://www.youtube.com/embed/vqAh0Jxm8Zo,https://i3.ytimg.com/vi/vqAh0Jxm8Zo/hqdefault.jpg,,0,False,,metadata_embed_only,metadata_embed_transcript_if_available,no,2026-06-10
Canada Soccer,YouTube,Canada,Dei6sQlpLEc,Forgot his BOOTS?!? | One Word with Kamal Miller,2026-05-25T22:30:08+00:00,2026-05-26T08:02:28+00:00,Canada Soccer,https://www.youtube.com/shorts/Dei6sQlpLEc,https://www.youtube.com/embed/Dei6sQlpLEc,https://i1.ytimg.com/vi/Dei6sQlpLEc/hqdefault.jpg,,0,False,,metadata_embed_only,metadata_embed_transcript_if_available,no,2026-06-10
ESPN FC,YouTube,Media,l4LRZXPdd30,"How INSANE was it to play at MSG during Jeremy Lin's ""Linsanity"" run?",2026-06-09T13:30:22+00:00,2026-06-09T13:30:22+00:00,ESPN,https://www.youtube.com/shorts/l4LRZXPdd30,https://www.youtube.com/embed/l4LRZXPdd30,https://i1.ytimg.com/vi/l4LRZXPdd30/hqdefault.jpg,,0,False,,metadata_embed_only,metadata_embed_transcript_if_available,no,2026-06-10
ESPN FC,YouTube,Media,kFI0ZnAdUXM,A'ja Wilson did it in just 278 games ♠️,2026-06-09T13:30:17+00:00,2026-06-09T13:30:38+00:00,ESPN,https://www.youtube.com/shorts/kFI0ZnAdUXM,https://www.youtube.com/embed/kFI0ZnAdUXM,https://i4.ytimg.com/vi/kFI0ZnAdUXM/hqdefault.jpg,,0,False,,metadata_embed_only,metadata_embed_transcript_if_available,no,2026-06-10
ESPN FC,YouTube,Media,T6qdqb2Qe-4,'DEFCON 1 FOR COLLEGE SPORTS!' 🚨 - Paul Finebaum on Brendan Sorsby's injunction | Get Up,2026-06-09T13:28:39+00:00,2026-06-09T13:33:38+00:00,ESPN,https://www.youtube.com/watch?v=T6qdqb2Qe-4,https://www.youtube.com/embed/T6qdqb2Qe-4,https://i1.ytimg.com/vi/T6qdqb2Qe-4/hqdefault.jpg,,0,False,,metadata_embed_only,metadata_embed_transcript_if_available,no,2026-06-10
ESPN FC,YouTube,Media,YUMWoK3dDk0,👽👽🗽,2026-06-09T13:15:09+00:00,2026-06-09T13:15:30+00:00,ESPN,https://www.youtube.com/shorts/YUMWoK3dDk0,https://www.youtube.com/embed/YUMWoK3dDk0,https://i2.ytimg.com/vi/YUMWoK3dDk0/hqdefault.jpg,,0,False,,metadata_embed_only,metadata_embed_transcript_if_available,no,2026-06-10
ESPN FC,YouTube,Media,33yA2vKzwqQ,She did that 🍿,2026-06-09T13:05:48+00:00,2026-06-09T13:07:27+00:00,ESPN,https://www.youtube.com/shorts/33yA2vKzwqQ,https://www.youtube.com/embed/33yA2vKzwqQ,https://i4.ytimg.com/vi/33yA2vKzwqQ/hqdefault.jpg,,0,False,,metadata_embed_only,metadata_embed_transcript_if_available,no,2026-06-10
ESPN FC,YouTube,Media,Vbrd3TDKOUA,Daniel Jackson 🦏💥,2026-06-09T13:00:27+00:00,2026-06-09T13:00:50+00:00,ESPN,https://www.youtube.com/shorts/Vbrd3TDKOUA,https://www.youtube.com/embed/Vbrd3TDKOUA,https://i3.ytimg.com/vi/Vbrd3TDKOUA/hqdefault.jpg,,0,False,,metadata_embed_only,metadata_embed_transcript_if_available,no,2026-06-10
ESPN FC,YouTube,Media,kVdf0FIYPao,DEBATING the officiating in Game 3 of the NBA Finals 👀 J-Will is OVER IT! | Get Up,2026-06-09T12:48:52+00:00,2026-06-09T13:28:49+00:00,ESPN,https://www.youtube.com/watch?v=kVdf0FIYPao,https://www.youtube.com/embed/kVdf0FIYPao,https://i4.ytimg.com/vi/kVdf0FIYPao/hqdefault.jpg,,0,False,,metadata_embed_only,metadata_embed_transcript_if_available,no,2026-06-10
ESPN FC,YouTube,Media,tGNdAwN3PFk,Did Wemby & the Spurs just flip the NBA Finals? | The Domonique Foxworth Show,2026-06-09T06:11:27+00:00,2026-06-09T07:24:11+00:00,ESPN,https://www.youtube.com/watch?v=tGNdAwN3PFk,https://www.youtube.com/embed/tGNdAwN3PFk,https://i1.ytimg.com/vi/tGNdAwN3PFk/hqdefault.jpg,,0,False,,metadata_embed_only,metadata_embed_transcript_if_available,no,2026-06-10
ESPN FC,YouTube,Media,594e4R2fKnA,Wemby is BACK! De’Aaron Fox Was Clutch As Spurs Win Game 3 | Chiney Today,2026-06-09T06:03:58+00:00,2026-06-09T13:50:47+00:00,ESPN,https://www.youtube.com/watch?v=594e4R2fKnA,https://www.youtube.com/embed/594e4R2fKnA,https://i2.ytimg.com/vi/594e4R2fKnA/hqdefault.jpg,,0,False,,metadata_embed_only,metadata_embed_transcript_if_available,no,2026-06-10
ESPN FC,YouTube,Media,L0_2Upo26SE,Harper says nothing makes Castle smile 😂,2026-06-09T05:50:16+00:00,2026-06-09T05:59:02+00:00,ESPN,https://www.youtube.com/shorts/L0_2Upo26SE,https://www.youtube.com/embed/L0_2Upo26SE,https://i1.ytimg.com/vi/L0_2Upo26SE/hqdefault.jpg,,0,False,,metadata_embed_only,metadata_embed_transcript_if_available,no,2026-06-10
ESPN FC,YouTube,Media,7WywfdcuPDI,Wemby’s aura 😮‍💨,2026-06-09T05:38:27+00:00,2026-06-09T05:46:38+00:00,ESPN,https://www.youtube.com/shorts/7WywfdcuPDI,https://www.youtube.com/embed/7WywfdcuPDI,https://i4.ytimg.com/vi/7WywfdcuPDI/hqdefault.jpg,,0,False,,metadata_embed_only,metadata_embed_transcript_if_available,no,2026-06-10
ESPN FC,YouTube,Media,Gvbpa3aMxBE,Stephen A. REACTS to Spurs winning NBA Finals Game 3 vs. Knicks in MSG 🍿 | SC with SVP,2026-06-09T05:32:30+00:00,2026-06-09T13:47:00+00:00,ESPN,https://www.youtube.com/watch?v=Gvbpa3aMxBE,https://www.youtube.com/embed/Gvbpa3aMxBE,https://i4.ytimg.com/vi/Gvbpa3aMxBE/hqdefault.jpg,,0,False,,metadata_embed_only,metadata_embed_transcript_if_available,no,2026-06-10
ESPN FC,YouTube,Media,FU7ljtnaQM4,All of the BEST MOMENTS from Pat McAfee's NBA Finals Altcast 🔥 | NBA Finals Game 3,2026-06-09T05:31:47+00:00,2026-06-09T13:58:02+00:00,ESPN,https://www.youtube.com/watch?v=FU7ljtnaQM4,https://www.youtube.com/embed/FU7ljtnaQM4,https://i3.ytimg.com/vi/FU7ljtnaQM4/hqdefault.jpg,,0,False,,metadata_embed_only,metadata_embed_transcript_if_available,no,2026-06-10
ESPN FC,YouTube,Media,WZmydZAPixs,The Inside Guys and Draymond Green react to the Spurs' Game 3 win over the Knicks 🍿 | Inside the NBA,2026-06-09T04:49:23+00:00,2026-06-09T13:45:44+00:00,ESPN,https://www.youtube.com/watch?v=WZmydZAPixs,https://www.youtube.com/embed/WZmydZAPixs,https://i4.ytimg.com/vi/WZmydZAPixs/hqdefault.jpg,highlights,1,False,,metadata_embed_only,metadata_embed_transcript_if_available,no,2026-06-10
ESPN FC,YouTube,Media,gRJywFBfI14,Spurs said “night night” 😴,2026-06-09T04:12:25+00:00,2026-06-09T07:25:57+00:00,ESPN,https://www.youtube.com/shorts/gRJywFBfI14,https://www.youtube.com/embed/gRJywFBfI14,https://i4.ytimg.com/vi/gRJywFBfI14/hqdefault.jpg,,0,False,,metadata_embed_only,metadata_embed_transcript_if_available,no,2026-06-10
Sky Sports Premier League,YouTube,Media,CfFFuemDafU,Tennis stars draw their World Cup sweepstake teams AT RANDOM! 👀,2026-06-08T09:00:05+00:00,2026-06-08T19:49:25+00:00,Sky Sports,https://www.youtube.com/watch?v=CfFFuemDafU,https://www.youtube.com/embed/CfFFuemDafU,https://i4.ytimg.com/vi/CfFFuemDafU/hqdefault.jpg,world cup|fifa,2,False,other_sport|women_or_girls_football,metadata_embed_only,metadata_embed_transcript_if_available,no,2026-06-10
Sky Sports Premier League,YouTube,Media,XdHrWGCsE7o,Karl-Anthony Towns 🤝 timely offensive BUCKETS 🪣,2026-06-07T18:13:49+00:00,2026-06-08T07:00:17+00:00,Sky Sports,https://www.youtube.com/shorts/XdHrWGCsE7o,https://www.youtube.com/embed/XdHrWGCsE7o,https://i1.ytimg.com/vi/XdHrWGCsE7o/hqdefault.jpg,,0,False,other_sport|women_or_girls_football,metadata_embed_only,metadata_embed_transcript_if_available,no,2026-06-10
Sky Sports Premier League,YouTube,Media,YlLBw2uUi4g,Toulouse THUMP Giants! | Huddersfield Giants vs Toulouse Olympique | Super League Highlights,2026-06-06T23:00:34+00:00,2026-06-07T07:23:48+00:00,Sky Sports,https://www.youtube.com/watch?v=YlLBw2uUi4g,https://www.youtube.com/embed/YlLBw2uUi4g,https://i2.ytimg.com/vi/YlLBw2uUi4g/hqdefault.jpg,highlights,1,False,other_sport|women_or_girls_football,metadata_embed_only,metadata_embed_transcript_if_available,no,2026-06-10
Sky Sports Premier League,YouTube,Media,2P_LjvQ6gIE,Wakefield win THRILLER with last-gasp try! | Wakefield vs Hull KR | Super League Highlights,2026-06-06T23:00:32+00:00,2026-06-07T16:45:50+00:00,Sky Sports,https://www.youtube.com/watch?v=2P_LjvQ6gIE,https://www.youtube.com/embed/2P_LjvQ6gIE,https://i3.ytimg.com/vi/2P_LjvQ6gIE/hqdefault.jpg,highlights,1,False,other_sport|women_or_girls_football,metadata_embed_only,metadata_embed_transcript_if_available,no,2026-06-10
Sky Sports Premier League,YouTube,Media,AtiFq1FD8vo,Warriors SINK Dragons in Paris! | Catalans Dragons vs Wigan Warriors | Super League Highlights,2026-06-06T20:31:42+00:00,2026-06-07T06:38:42+00:00,Sky Sports,https://www.youtube.com/watch?v=AtiFq1FD8vo,https://www.youtube.com/embed/AtiFq1FD8vo,https://i2.ytimg.com/vi/AtiFq1FD8vo/hqdefault.jpg,highlights,1,False,other_sport|women_or_girls_football,metadata_embed_only,metadata_embed_transcript_if_available,no,2026-06-10
Sky Sports Premier League,YouTube,Media,27iQAKg7QDg,LIVE | MAJOR SEMI FINAL | AO Manchester Thunder v London Pulse | Netball Super League!,2026-06-06T18:34:58+00:00,2026-06-06T19:55:34+00:00,Sky Sports,https://www.youtube.com/watch?v=27iQAKg7QDg,https://www.youtube.com/embed/27iQAKg7QDg,https://i3.ytimg.com/vi/27iQAKg7QDg/hqdefault.jpg,,0,False,other_sport,metadata_embed_only,metadata_embed_transcript_if_available,no,2026-06-10
Sky Sports Premier League,YouTube,Media,TXiYOc7TcsM,LIVE | MINOR SEMI FINAL | Loughborough Lightning v Nottingham Forest | Netball Super League!,2026-06-06T15:57:24+00:00,2026-06-06T17:00:50+00:00,Sky Sports,https://www.youtube.com/watch?v=TXiYOc7TcsM,https://www.youtube.com/embed/TXiYOc7TcsM,https://i1.ytimg.com/vi/TXiYOc7TcsM/hqdefault.jpg,,0,False,other_sport,metadata_embed_only,metadata_embed_transcript_if_available,no,2026-06-10
Sky Sports Premier League,YouTube,Media,HfyiOVsudCE,Bulls bag fifth win of season! | Bradford Bulls vs York Knights | Super League Highlights,2026-06-06T00:30:44+00:00,2026-06-06T06:40:01+00:00,Sky Sports,https://www.youtube.com/watch?v=HfyiOVsudCE,https://www.youtube.com/embed/HfyiOVsudCE,https://i1.ytimg.com/vi/HfyiOVsudCE/hqdefault.jpg,highlights,1,False,other_sport|women_or_girls_football,metadata_embed_only,metadata_embed_transcript_if_available,no,2026-06-10
Sky Sports Premier League,YouTube,Media,KFEBJdhmdP4,Smith scores twice as Wolves go joint top! | Warrington Wolves vs Hull FC | Super League Highlights,2026-06-05T23:00:22+00:00,2026-06-06T06:12:20+00:00,Sky Sports,https://www.youtube.com/watch?v=KFEBJdhmdP4,https://www.youtube.com/embed/KFEBJdhmdP4,https://i4.ytimg.com/vi/KFEBJdhmdP4/hqdefault.jpg,highlights,1,False,other_sport|women_or_girls_football,metadata_embed_only,metadata_embed_transcript_if_available,no,2026-06-10
Sky Sports Premier League,YouTube,Media,WvgyXZf-fi0,Leopards battle past Tigers! | Castleford Tigers vs Leigh Leopards | Super League Highlights,2026-06-05T23:00:14+00:00,2026-06-06T06:42:15+00:00,Sky Sports,https://www.youtube.com/watch?v=WvgyXZf-fi0,https://www.youtube.com/embed/WvgyXZf-fi0,https://i4.ytimg.com/vi/WvgyXZf-fi0/hqdefault.jpg,highlights,1,False,other_sport|women_or_girls_football,metadata_embed_only,metadata_embed_transcript_if_available,no,2026-06-10
Sky Sports Premier League,YouTube,Media,ROkt1TdNwPM,"Ian Blease chats about Brad Arthur's future, Super League and players moving on! | The Bench",2026-06-05T19:33:47+00:00,2026-06-06T07:07:10+00:00,Sky Sports,https://www.youtube.com/watch?v=ROkt1TdNwPM,https://www.youtube.com/embed/ROkt1TdNwPM,https://i3.ytimg.com/vi/ROkt1TdNwPM/hqdefault.jpg,,0,False,other_sport|women_or_girls_football,metadata_embed_only,metadata_embed_transcript_if_available,no,2026-06-10
Sky Sports Premier League,YouTube,Media,j4N1_sVFWSU,FULL COVERAGE! Friday Fights 157! | ONE Championship,2026-06-05T16:47:59+00:00,2026-06-05T18:26:29+00:00,Sky Sports,https://www.youtube.com/watch?v=j4N1_sVFWSU,https://www.youtube.com/embed/j4N1_sVFWSU,https://i3.ytimg.com/vi/j4N1_sVFWSU/hqdefault.jpg,,0,False,other_sport|women_or_girls_football,metadata_embed_only,metadata_embed_transcript_if_available,no,2026-06-10
Sky Sports Premier League,YouTube,Media,wgY0yBFMWmA,Leeds fight back to beat St Helens! | Leeds Rhinos vs St Helens | Super League Highlights,2026-06-04T21:16:37+00:00,2026-06-05T09:19:50+00:00,Sky Sports,https://www.youtube.com/watch?v=wgY0yBFMWmA,https://www.youtube.com/embed/wgY0yBFMWmA,https://i4.ytimg.com/vi/wgY0yBFMWmA/hqdefault.jpg,highlights,1,False,other_sport|women_or_girls_football,metadata_embed_only,metadata_embed_transcript_if_available,no,2026-06-10
Sky Sports Premier League,YouTube,Media,BdhaWVju-zE,The Return of Anna | Anna Stembridge on becoming Vitality Roses head coach | Off the Court,2026-06-04T20:45:18+00:00,2026-06-06T10:04:00+00:00,Sky Sports,https://www.youtube.com/watch?v=BdhaWVju-zE,https://www.youtube.com/embed/BdhaWVju-zE,https://i3.ytimg.com/vi/BdhaWVju-zE/hqdefault.jpg,squad,1,False,other_sport|women_or_girls_football,metadata_embed_only,metadata_embed_transcript_if_available,no,2026-06-10
Sky Sports Premier League,YouTube,Media,ke2EPBYhSMQ,"Helen Housby, Top 4 and the England squad | Off The Court with Tamsin Greenway and Tracey Neville",2026-06-04T19:26:35+00:00,2026-06-04T20:36:29+00:00,Sky Sports,https://www.youtube.com/watch?v=ke2EPBYhSMQ,https://www.youtube.com/embed/ke2EPBYhSMQ,https://i4.ytimg.com/vi/ke2EPBYhSMQ/hqdefault.jpg,squad,1,False,other_sport|women_or_girls_football,metadata_embed_only,metadata_embed_transcript_if_available,no,2026-06-10
beIN SPORTS,YouTube,Media,q2l8qgWPqoA,تواجد عربي تاريخي في كأس العالم FIFA 2026™,2026-06-09T12:27:49+00:00,2026-06-09T12:27:50+00:00,beIN SPORTS,https://www.youtube.com/watch?v=q2l8qgWPqoA,https://www.youtube.com/embed/q2l8qgWPqoA,https://i2.ytimg.com/vi/q2l8qgWPqoA/hqdefault.jpg,fifa,1,True,,metadata_embed_only,metadata_embed_transcript_if_available,no,2026-06-10
beIN SPORTS,YouTube,Media,Ckj_3E5Lx8M,ملخص مباراة إسبانيا وبيرو - مباراة دولية ودية,2026-06-09T10:54:37+00:00,2026-06-09T13:46:51+00:00,beIN SPORTS,https://www.youtube.com/watch?v=Ckj_3E5Lx8M,https://www.youtube.com/embed/Ckj_3E5Lx8M,https://i4.ytimg.com/vi/Ckj_3E5Lx8M/hqdefault.jpg,fifa,1,True,,metadata_embed_only,metadata_embed_transcript_if_available,no,2026-06-10
beIN SPORTS,YouTube,Media,o3O0iLZ_npo,فرنسا تتألق بثلاثية أوليزي.. وقلق مغربي قبل المونديال 🇫🇷🇲🇦,2026-06-09T10:47:34+00:00,2026-06-09T11:26:29+00:00,beIN SPORTS,https://www.youtube.com/watch?v=o3O0iLZ_npo,https://www.youtube.com/embed/o3O0iLZ_npo,https://i4.ytimg.com/vi/o3O0iLZ_npo/hqdefault.jpg,,0,False,,metadata_embed_only,metadata_embed_transcript_if_available,no,2026-06-10
beIN SPORTS,YouTube,Media,a9iJCsL55rk,لقاء خاص قريباً مع الأمير الحسين بن عبدالله الثاني، ولي عهد الأردن,2026-06-09T00:28:39+00:00,2026-06-09T07:02:29+00:00,beIN SPORTS,https://www.youtube.com/shorts/a9iJCsL55rk,https://www.youtube.com/embed/a9iJCsL55rk,https://i2.ytimg.com/vi/a9iJCsL55rk/hqdefault.jpg,fifa,1,True,,metadata_embed_only,metadata_embed_transcript_if_available,no,2026-06-10
beIN SPORTS,YouTube,Media,TW1UPKcWmJM,12 هدفًا في كأس العالم حتى الآن... فهل ينجح كيليان مبابي في تحطيم الرقم القياسي؟ 👀🏆,2026-06-08T23:02:34+00:00,2026-06-09T07:07:48+00:00,beIN SPORTS,https://www.youtube.com/shorts/TW1UPKcWmJM,https://www.youtube.com/embed/TW1UPKcWmJM,https://i1.ytimg.com/vi/TW1UPKcWmJM/hqdefault.jpg,fifa,1,True,,metadata_embed_only,metadata_embed_transcript_if_available,no,2026-06-10
beIN SPORTS,YouTube,Media,-N2y7ZVnXGI,بيدري يستعد لخوض كأس العالم كأحد أبرز نجوم خط الوسط في إسبانيا,2026-06-08T23:01:14+00:00,2026-06-09T07:32:18+00:00,beIN SPORTS,https://www.youtube.com/shorts/-N2y7ZVnXGI,https://www.youtube.com/embed/-N2y7ZVnXGI,https://i2.ytimg.com/vi/-N2y7ZVnXGI/hqdefault.jpg,fifa,1,True,,metadata_embed_only,metadata_embed_transcript_if_available,no,2026-06-10
beIN SPORTS,YouTube,Media,i-SMlMCFt7Y,🇲🇽 الجميع سعيد برؤية غييرمو أوتشوا في كأس العالم للمرة السادسة على أرضه,2026-06-08T22:56:54+00:00,2026-06-09T06:43:29+00:00,beIN SPORTS,https://www.youtube.com/shorts/i-SMlMCFt7Y,https://www.youtube.com/embed/i-SMlMCFt7Y,https://i2.ytimg.com/vi/i-SMlMCFt7Y/hqdefault.jpg,fifa,1,True,,metadata_embed_only,metadata_embed_transcript_if_available,no,2026-06-10
beIN SPORTS,YouTube,Media,7EZn8iBGkfI,✨⚽ مهارات لا تُنسى من رونالدينيو، زيدان، موسيالا وغيرهم... أي لقطة كانت الأفضل؟ 👀🔥,2026-06-08T22:55:21+00:00,2026-06-09T06:31:22+00:00,beIN SPORTS,https://www.youtube.com/shorts/7EZn8iBGkfI,https://www.youtube.com/embed/7EZn8iBGkfI,https://i4.ytimg.com/vi/7EZn8iBGkfI/hqdefault.jpg,fifa,1,True,,metadata_embed_only,metadata_embed_transcript_if_available,no,2026-06-10
beIN SPORTS,YouTube,Media,_QzZP9IDyQU,ملخص مباراة هولندا وأوزبكستان - مباراة دولية ودية,2026-06-08T21:55:37+00:00,2026-06-09T13:47:30+00:00,beIN SPORTS,https://www.youtube.com/watch?v=_QzZP9IDyQU,https://www.youtube.com/embed/_QzZP9IDyQU,https://i4.ytimg.com/vi/_QzZP9IDyQU/hqdefault.jpg,,0,False,,metadata_embed_only,metadata_embed_transcript_if_available,no,2026-06-10
beIN SPORTS,YouTube,Media,_xpDBdoeofg,ملخص مباراة فرنسا وإيرلندا الشمالية - مباراة دولية ودية,2026-06-08T21:52:09+00:00,2026-06-09T13:45:41+00:00,beIN SPORTS,https://www.youtube.com/watch?v=_xpDBdoeofg,https://www.youtube.com/embed/_xpDBdoeofg,https://i4.ytimg.com/vi/_xpDBdoeofg/hqdefault.jpg,,0,False,,metadata_embed_only,metadata_embed_transcript_if_available,no,2026-06-10
beIN SPORTS,YouTube,Media,7bT0aNaE-08,التحدي - الحلقة الثالثة,2026-06-08T19:00:29+00:00,2026-06-09T06:45:51+00:00,beIN SPORTS,https://www.youtube.com/watch?v=7bT0aNaE-08,https://www.youtube.com/embed/7bT0aNaE-08,https://i4.ytimg.com/vi/7bT0aNaE-08/hqdefault.jpg,,0,False,,metadata_embed_only,metadata_embed_transcript_if_available,no,2026-06-10
beIN SPORTS,YouTube,Media,TjUsCiPhRVM,الحلقة الثالثة | الكلمة الأخيرة | صابر الغراوي: منتخب مصر يمتلك فرصة تاريخية لتخطي دور المجموعات,2026-06-08T17:10:50+00:00,2026-06-09T07:11:51+00:00,beIN SPORTS,https://www.youtube.com/watch?v=TjUsCiPhRVM,https://www.youtube.com/embed/TjUsCiPhRVM,https://i1.ytimg.com/vi/TjUsCiPhRVM/hqdefault.jpg,fifa,1,True,,metadata_embed_only,metadata_embed_transcript_if_available,no,2026-06-10
beIN SPORTS,YouTube,Media,mcm4b3Voiu0,‫👀⚽ أوقفوا الفيديو للحظة... كم ركلة يمكنكم توقّع وجهتها بشكل صحيح؟‬,2026-06-08T14:32:11+00:00,2026-06-09T06:58:25+00:00,beIN SPORTS,https://www.youtube.com/shorts/mcm4b3Voiu0,https://www.youtube.com/embed/mcm4b3Voiu0,https://i2.ytimg.com/vi/mcm4b3Voiu0/hqdefault.jpg,fifa,1,True,,metadata_embed_only,metadata_embed_transcript_if_available,no,2026-06-10
beIN SPORTS,YouTube,Media,qsJs2zzJ6Xc,‫‫🇧🇷✨ نيمار يستعد لمحاولة أخيرة في كأس العالم... ما هي النسخة التي أعجبتكم أكثر؟ 🤔‬‬,2026-06-08T12:33:34+00:00,2026-06-09T06:44:57+00:00,beIN SPORTS,https://www.youtube.com/shorts/qsJs2zzJ6Xc,https://www.youtube.com/embed/qsJs2zzJ6Xc,https://i2.ytimg.com/vi/qsJs2zzJ6Xc/hqdefault.jpg,fifa,1,True,,metadata_embed_only,metadata_embed_transcript_if_available,no,2026-06-10
beIN SPORTS,YouTube,Media,-2jyCJqqkRM,المغرب يختتم تحضيراته للمونديال.. وزفيريف يتوج بلقب رولان غاروس 🇲🇦🎾,2026-06-08T10:35:54+00:00,2026-06-09T07:28:50+00:00,beIN SPORTS,https://www.youtube.com/watch?v=-2jyCJqqkRM,https://www.youtube.com/embed/-2jyCJqqkRM,https://i2.ytimg.com/vi/-2jyCJqqkRM/hqdefault.jpg,,0,False,,metadata_embed_only,metadata_embed_transcript_if_available,no,2026-06-10
