team,scorer,goals,penalty_goals,own_goals,first_goal_date,last_goal_date
Norway,Erling Haaland,35,4,0,2022-06-02,2025-11-16
France,Kylian Mbappé,27,9,0,2022-06-10,2025-11-13
England,Harry Kane,26,10,0,2022-06-07,2025-11-16
Portugal,Cristiano Ronaldo,26,6,0,2022-06-05,2025-10-14
Netherlands,Cody Gakpo,18,5,0,2022-06-14,2025-11-17
Belgium,Romelu Lukaku,18,2,0,2023-03-24,2025-06-09
Iraq,Aymen Hussein,17,3,0,2022-02-01,2026-03-31
Sweden,Viktor Gyökeres,17,2,0,2022-06-12,2026-03-31
Portugal,Bruno Fernandes,17,3,0,2022-03-29,2025-11-16
Argentina,Lionel Messi,17,4,0,2022-03-25,2025-09-04
IR Iran,Mehdi Taremi,17,4,0,2022-01-27,2025-06-10
Egypt,Mohamed Salah,16,4,0,2022-01-15,2026-01-10
Croatia,Andrej Kramarić,16,2,0,2022-06-06,2025-09-08
Netherlands,Memphis Depay,15,3,0,2022-06-03,2025-11-14
Austria,Marko Arnautović,14,4,0,2022-06-03,2025-11-15
New Zealand,Chris Wood,14,0,0,2022-03-21,2025-03-21
Korea Republic,Son Heung-min,14,4,0,2022-03-24,2024-11-19
Qatar,Almoez Ali,14,2,0,2023-11-16,2024-11-14
Scotland,Scott McTominay,13,1,0,2023-03-25,2025-11-18
Bosnia and Herzegovina,Edin Džeko,12,0,0,2022-06-14,2026-03-26
Austria,Michael Gregoritsch,12,0,0,2022-06-03,2025-11-18
Spain,Mikel Oyarzabal,12,3,0,2023-11-16,2025-11-18
Panama,Ismael Díaz,12,2,0,2023-07-04,2025-10-14
Austria,Marcel Sabitzer,12,3,0,2022-03-24,2025-09-09
Argentina,Lautaro Martínez,12,0,0,2022-01-27,2025-09-04
Qatar,Akram Afif,12,5,0,2024-01-12,2025-03-20
Jordan,Yazan Al-Naimat,12,1,0,2023-11-16,2024-11-19
Japan,Ayase Ueda,12,2,0,2023-11-16,2024-09-10
Turkiye,Kerem Aktürkoğlu,11,0,0,2023-03-25,2026-03-31
Senegal,Sadio Mané,11,2,0,2022-01-10,2026-01-14
Norway,Alexander Sørloth,11,0,0,2022-06-12,2025-11-13
Belgium,Kevin De Bruyne,11,3,0,2022-06-08,2025-10-13
IR Iran,Sardar Azmoun,11,0,0,2022-03-29,2025-03-20
Spain,Álvaro Morata,11,0,0,2022-06-02,2024-10-15
Switzerland,Breel Embolo,10,0,0,2022-09-24,2025-11-15
Spain,Mikel Merino,10,0,0,2023-09-12,2025-10-14
Ecuador,Enner Valencia,10,3,0,2022-03-29,2025-09-09
Colombia,Luis Díaz,10,1,0,2022-03-24,2025-06-10
Jordan,Musa Al-Taamari,10,1,0,2024-01-15,2025-03-20
Spain,Ferran Torres,9,1,0,2022-11-23,2025-11-15
England,Bukayo Saka,9,0,0,2022-11-21,2025-11-13
Ghana,Jordan Ayew,9,4,0,2024-01-22,2025-10-08
Jordan,Ali Olwan,9,3,0,2024-03-21,2025-06-05
Netherlands,Wout Weghorst,9,1,0,2022-06-08,2024-11-16
Switzerland,Zeki Amdouni,9,1,0,2023-03-25,2024-11-15
Portugal,Gonçalo Ramos,8,0,0,2022-12-06,2025-11-16
Algeria,Mohamed Amoura,8,2,0,2025-03-25,2025-10-14
Netherlands,Denzel Dumfries,8,0,0,2022-06-03,2025-09-04
Austria,Christoph Baumgartner,8,0,0,2022-09-25,2025-06-10
Korea Republic,Lee Kang-in,8,0,0,2023-11-16,2025-06-10
Germany,Kai Havertz,8,3,0,2022-09-26,2024-11-16
France,Olivier Giroud,8,0,0,2022-09-22,2023-11-18
USA,Jesús Ferreira,8,1,0,2022-03-27,2023-07-12
Czechia,Patrik Schick,7,1,0,2022-09-27,2026-03-26
Morocco,Ayoub El Kaabi,7,0,0,2024-06-11,2025-12-29
Spain,Dani Olmo,7,0,0,2022-11-23,2025-11-18
Czechia,Tomáš Souček,7,2,0,2023-10-15,2025-11-17
Netherlands,Donyell Malen,7,0,0,2023-06-14,2025-11-17
Panama,José Fajardo,7,0,0,2023-06-26,2025-11-13
Haiti,Duckens Nazon,7,1,0,2023-06-25,2025-10-09
Saudi Arabia,Firas Al-Buraikan,7,1,0,2022-01-27,2025-10-08
Portugal,João Cancelo,7,0,0,2022-06-05,2025-09-09
Germany,Florian Wirtz,7,0,0,2024-06-14,2025-09-07
Portugal,João Félix,7,0,0,2022-11-24,2025-09-06
Saudi Arabia,Saleh Al-Shehri,7,2,0,2022-03-24,2025-06-15
France,Randal Kolo Muani,7,1,0,2022-12-14,2025-06-05
Brazil,Raphinha,7,3,0,2022-02-01,2025-03-20
New Zealand,Ben Waine,7,1,0,2022-03-18,2024-11-18
Scotland,John McGinn,7,0,0,2022-06-14,2024-11-18
Japan,Takumi Minamino,7,0,0,2022-02-01,2024-11-15
Australia,Craig Goodwin,7,0,0,2022-01-27,2024-10-10
Argentina,Julián Álvarez,7,0,0,2022-03-29,2024-07-09
Uruguay,Darwin Núñez,7,1,0,2023-10-12,2024-06-27
Egypt,Trézéguet,7,0,0,2022-01-30,2024-06-06
Morocco,Brahim Díaz,6,2,0,2025-03-25,2026-01-09
Croatia,Ivan Perišić,6,1,0,2022-12-05,2025-11-17
Turkiye,Hakan Çalhanoğlu,6,5,0,2022-06-11,2025-11-15
Morocco,Youssef En-Nesyri,6,0,0,2022-01-25,2025-10-14
Belgium,Leandro Trossard,6,0,0,2022-06-08,2025-10-13
Ghana,Mohammed Kudus,6,0,0,2022-11-28,2025-10-12
France,Adrien Rabiot,6,0,0,2022-06-06,2025-10-10
Germany,Joshua Kimmich,6,2,0,2022-06-04,2025-10-10
Senegal,Ismaïla Sarr,6,1,0,2022-01-30,2025-10-10
Congo DR,Yoane Wissa,6,1,0,2022-03-25,2025-09-09
England,Marcus Rashford,6,1,0,2022-11-21,2025-09-09
Portugal,Bernardo Silva,6,0,0,2023-03-23,2025-09-09
Algeria,Baghdad Bounedjah,6,0,0,2023-11-16,2025-09-04
Belgium,Youri Tielemans,6,1,0,2022-06-11,2025-09-04
Uruguay,Giorgian de Arrascaeta,6,0,0,2022-02-01,2025-09-04
Canada,Jonathan David,6,1,0,2022-01-27,2025-06-29
Brazil,Vinícius Júnior,6,0,0,2022-03-24,2025-06-10
Croatia,Luka Modrić,6,3,0,2022-06-13,2025-06-09
Spain,Lamine Yamal,6,1,0,2023-09-08,2025-06-05
Australia,Jackson Irvine,6,0,0,2022-06-07,2025-03-25
Uzbekistan,Abbosbek Fayzullaev,6,0,0,2024-01-18,2025-03-25
New Zealand,Elijah Just,6,0,0,2022-03-21,2025-03-24
Germany,Jamal Musiala,6,0,0,2024-06-14,2025-03-23
IR Iran,Mohammad Mohebi,6,0,0,2024-02-03,2025-03-20
Korea Republic,Hwang Hee-chan,6,1,0,2022-12-02,2025-03-20
Australia,Kusini Yengi,6,1,0,2024-03-26,2024-11-19
Switzerland,Remo Freuler,6,0,0,2022-09-27,2024-10-15
Spain,Joselu,6,0,0,2023-03-25,2024-09-08
USA,Christian Pulisic,6,2,0,2022-02-02,2024-06-23
Japan,Ritsu Dōan,6,0,0,2022-11-23,2024-06-11
Brazil,Richarlison,6,0,0,2022-03-24,2022-12-05
Czechia,Pavel Šulc,5,0,0,2024-09-10,2026-03-31
Senegal,Habib Diallo,5,0,0,2024-01-19,2025-12-30
Belgium,Jérémy Doku,5,0,0,2025-06-09,2025-11-18
Netherlands,Tijjani Reijnders,5,0,0,2024-09-07,2025-11-17
Netherlands,Xavi Simons,5,1,0,2024-07-10,2025-11-17
Norway,Antonio Nusa,5,0,0,2024-11-14,2025-11-16
Haiti,Frantzdy Pierrot,5,0,0,2023-06-25,2025-11-13
Cote d'Ivoire,Franck Kessié,5,1,0,2022-01-20,2025-10-14
Turkiye,Merih Demiral,5,0,0,2022-06-04,2025-10-14
Turkiye,Arda Güler,5,0,0,2023-06-19,2025-10-11
Austria,Konrad Laimer,5,0,0,2023-10-13,2025-10-09
Norway,Thelo Aasgaard,5,1,0,2025-03-22,2025-09-09
Czechia,Václav Černý,5,0,0,2023-06-17,2025-09-05
Morocco,Azzedine Ounahi,5,0,0,2022-03-29,2025-09-05
Colombia,James Rodríguez,5,3,0,2022-03-29,2025-09-04
Mexico,Raúl Jiménez,5,2,0,2022-02-02,2025-07-06
Curacao,Gervane Kastaneer,5,0,0,2024-06-05,2025-06-10
Japan,Daichi Kamada,5,0,0,2023-11-16,2025-06-10
Japan,Takefusa Kubo,5,0,0,2023-11-21,2025-06-10
Korea Republic,Lee Jae-sung,5,0,0,2024-03-26,2025-06-10
Uzbekistan,Eldor Shomurodov,5,0,0,2023-11-16,2025-06-10
Croatia,Mario Pašalić,5,0,0,2022-06-10,2025-06-06
Spain,Nico Williams,5,0,0,2023-09-08,2025-06-05
Cote d'Ivoire,Sébastien Haller,5,1,0,2022-01-16,2025-03-24
New Zealand,Kosta Barbarouses,5,0,0,2024-06-18,2025-03-24
Saudi Arabia,Salem Al-Dawsari,5,1,0,2022-03-29,2025-03-20
Sweden,Alexander Isak,5,0,0,2023-09-09,2024-11-16
IR Iran,Mehdi Ghayedi,5,0,0,2024-01-14,2024-11-14
Germany,Niclas Füllkrug,5,0,0,2022-11-27,2024-09-07
Korea Republic,Cho Gue-sung,5,0,0,2022-01-27,2024-01-30
Egypt,Mostafa Mohamed,5,1,0,2023-11-16,2024-01-28
Sweden,Emil Forsberg,5,1,0,2022-06-02,2023-11-19
Australia,Jamie Maclaren,5,1,0,2022-01-27,2023-11-16
Brazil,Neymar,5,2,0,2022-03-24,2023-09-08
Czechia,Ladislav Krejčí,4,0,0,2023-03-24,2026-03-31
Sweden,Anthony Elanga,4,0,0,2022-06-05,2026-03-31
Egypt,Omar Marmoush,4,1,0,2024-01-18,2026-01-10
Morocco,Ismael Saibari,4,0,0,2025-03-21,2026-01-09
Cote d'Ivoire,Amad Diallo,4,0,0,2025-10-14,2026-01-06
Senegal,Pape Gueye,4,0,0,2024-01-15,2026-01-03
South Africa,Lyle Foster,4,0,0,2025-03-25,2025-12-29
South Africa,Oswin Appollis,4,1,0,2025-09-05,2025-12-29
Algeria,Riyad Mahrez,4,1,0,2025-10-09,2025-12-28
Congo DR,Cédric Bakambu,4,0,0,2025-09-05,2025-12-27
Senegal,Nicolas Jackson,4,1,0,2025-09-09,2025-12-23
Iraq,Mohanad Ali,4,0,0,2023-11-21,2025-11-18
Czechia,Tomáš Chorý,4,0,0,2023-11-20,2025-11-17
Germany,Nick Woltemade,4,0,0,2025-10-13,2025-11-17
Germany,Serge Gnabry,4,0,0,2022-12-01,2025-11-17
Scotland,Ryan Christie,4,1,0,2022-09-24,2025-11-15
Switzerland,Granit Xhaka,4,2,0,2023-03-25,2025-11-15
France,Michael Olise,4,0,0,2025-03-23,2025-11-13
Turkiye,Kenan Yıldız,4,0,0,2024-11-19,2025-10-14
Cabo Verde,Dailon Livramento,4,0,0,2025-03-25,2025-10-13
Netherlands,Virgil van Dijk,4,1,0,2022-09-25,2025-10-12
Tunisia,Mohamed Ali Ben Romdhane,4,2,0,2024-06-05,2025-10-10
Scotland,Lyndon Dykes,4,0,0,2022-09-21,2025-10-09
Ghana,Alexander Djiku,4,0,0,2022-01-18,2025-10-08
Ghana,Thomas Partey,4,0,0,2022-03-29,2025-10-08
Colombia,Jhon Córdoba,4,0,0,2024-06-28,2025-09-09
Colombia,Luis Suárez,4,0,0,2025-09-09,2025-09-09
Senegal,Pape Matar Sarr,4,0,0,2023-11-18,2025-09-09
England,Declan Rice,4,0,0,2023-03-23,2025-09-06
Switzerland,Manuel Akanji,4,0,0,2022-09-24,2025-09-05
Belgium,Maxim De Cuyper,4,0,0,2024-10-10,2025-09-04
Brazil,Lucas Paquetá,4,1,0,2022-03-29,2025-09-04
Canada,Tajon Buchanan,4,0,0,2022-03-27,2025-06-24
Korea Republic,Oh Hyeon-gyu,4,0,0,2024-10-10,2025-06-10
Croatia,Ante Budimir,4,1,0,2023-11-21,2025-06-09
Argentina,Julián Alvarez,4,0,0,2024-09-05,2025-06-05
Paraguay,Julio Enciso,4,1,0,2024-06-24,2025-06-05
Bosnia and Herzegovina,Ermedin Demirović,4,0,0,2022-09-23,2025-03-24
Germany,Tim Kleindienst,4,0,0,2024-11-16,2025-03-23
Australia,Martin Boyle,4,2,0,2024-01-23,2025-03-20
Sweden,Dejan Kulusevski,4,0,0,2022-06-02,2024-11-19
Uruguay,Federico Valverde,4,0,0,2022-03-29,2024-11-19
Japan,Hidemasa Morita,4,0,0,2024-02-03,2024-11-15
Portugal,Rafael Leão,4,0,0,2022-11-24,2024-11-15
Paraguay,Antonio Sanabria,4,0,0,2023-10-17,2024-11-14
England,Jude Bellingham,4,0,0,2022-11-21,2024-10-10
Uzbekistan,Oston Urunov,4,0,0,2023-11-21,2024-09-10
Spain,Fabián Ruiz,4,0,0,2024-06-15,2024-09-08
Brazil,Rodrygo,4,0,0,2022-02-01,2024-09-06
Uruguay,Luis Suárez,4,1,0,2022-01-27,2024-07-13
Switzerland,Ruben Vargas,4,0,0,2023-03-28,2024-06-29
Germany,İlkay Gündoğan,4,3,0,2022-06-14,2024-06-19
Switzerland,Xherdan Shaqiri,4,1,0,2022-12-02,2024-06-19
Cote d'Ivoire,Seko Fofana,4,0,0,2023-11-17,2024-06-07
Morocco,Hakim Ziyech,4,1,0,2022-12-01,2024-06-07
Qatar,Hassan Al-Haydos,4,0,0,2023-11-16,2024-02-03
Morocco,Achraf Hakimi,4,0,0,2022-01-18,2024-01-21
Portugal,Ricardo Horta,4,0,0,2022-06-02,2023-11-19
Spain,Gavi,4,0,0,2022-06-05,2023-10-15
Portugal,Diogo Jota,4,0,0,2022-03-24,2023-09-11
Croatia,Bruno Petković,4,0,0,2022-12-09,2023-09-08
Mexico,Henry Martín,4,0,0,2022-01-27,2023-07-12
Argentina,Ángel Di María,4,0,0,2022-01-27,2022-12-18
Belgium,Michy Batshuayi,4,0,0,2022-06-03,2022-11-23
Turkiye,Serdar Dursun,4,1,0,2022-06-04,2022-06-11
Bosnia and Herzegovina,Haris Tabaković,3,0,0,2025-11-15,2026-03-31
Iraq,Ali Al-Hamadi,3,0,0,2023-11-16,2026-03-31
Senegal,Iliman Ndiaye,3,0,0,2024-01-23,2026-01-09
Cote d'Ivoire,Yan Diomande,3,0,0,2025-10-10,2026-01-06
South Africa,Evidence Makgopa,3,0,0,2024-01-30,2026-01-04
Cote d'Ivoire,Evann Guessand,3,0,0,2025-03-21,2025-12-31
Cote d'Ivoire,Jean-Philippe Krasso,3,1,0,2023-11-17,2025-12-31
Senegal,Cherif Ndiaye,3,1,0,2025-10-10,2025-12-30
Congo DR,Théo Bongonda,3,0,0,2023-11-15,2025-12-23
Tunisia,Elias Achouri,3,1,0,2025-03-24,2025-12-23
Belgium,Charles De Ketelaere,3,0,0,2023-09-12,2025-11-18
Haiti,Don Deedson Louicius,3,0,0,2025-06-22,2025-11-18
Panama,Eric Davis,3,1,0,2022-01-30,2025-11-18
Panama,José Luis Rodríguez,3,0,0,2024-06-06,2025-11-18
Germany,Leroy Sané,3,0,0,2024-11-16,2025-11-17
Congo DR,Meschak Elia,3,0,0,2024-01-28,2025-11-16
Portugal,Francisco Conceição,3,0,0,2024-06-18,2025-11-16
Portugal,João Neves,3,0,0,2025-11-16,2025-11-16
Switzerland,Dan Ndoye,3,0,0,2024-06-23,2025-11-15
Croatia,Joško Gvardiol,3,0,0,2022-12-17,2025-11-14
Curacao,Juninho Bacuna,3,0,0,2024-06-08,2025-11-13
England,Eberechi Eze,3,0,0,2025-03-24,2025-11-13
Curacao,Kenji Gorré,3,0,0,2025-06-10,2025-10-14
Turkiye,Yunus Akgün,3,0,0,2022-06-07,2025-10-14
Cote d'Ivoire,Ibrahim Sangaré,3,1,0,2022-01-20,2025-10-10
Cote d'Ivoire,Simon Adingra,3,0,0,2023-11-17,2025-10-10
Tunisia,Elias Saad,3,0,0,2025-09-04,2025-10-10
Austria,Romano Schmid,3,0,0,2024-06-25,2025-10-09
Austria,Stefan Posch,3,0,0,2024-10-13,2025-10-09
Haiti,Danley Jean Jacques,3,0,0,2023-06-29,2025-10-09
Ghana,Mohammed Salisu,3,0,0,2022-11-28,2025-10-08
France,Bradley Barcola,3,0,0,2024-09-06,2025-09-09
Spain,Pedri,3,0,0,2025-06-05,2025-09-07
Uruguay,Rodrigo Aguirre,3,0,0,2024-11-15,2025-09-04
Mexico,Edson Álvarez,3,0,0,2022-03-27,2025-07-06
USA,Diego Luna,3,0,0,2025-06-29,2025-07-02
Panama,Tomás Rodríguez,3,0,0,2025-06-16,2025-06-24
USA,Malik Tillman,3,0,0,2025-06-15,2025-06-22
Mexico,César Montes,3,0,0,2025-06-14,2025-06-18
Panama,Eduardo Guerrero,3,1,0,2024-07-01,2025-06-16
Argentina,Thiago Almada,3,0,0,2024-10-15,2025-06-10
Netherlands,Noa Lang,3,0,0,2022-06-14,2025-06-10
Uzbekistan,Azizbek Turgunboev,3,0,0,2024-01-23,2025-06-10
Uzbekistan,Igor Sergeev,3,0,0,2023-11-21,2025-06-10
Saudi Arabia,Musab Al-Juwayr,3,0,0,2024-06-06,2025-06-05
Argentina,Alexis Mac Allister,3,0,0,2022-11-30,2025-03-25
Argentina,Enzo Fernández,3,0,0,2022-11-26,2025-03-25
Australia,Nishan Velupillay,3,0,0,2024-10-10,2025-03-25
France,Ousmane Dembélé,3,0,0,2023-11-18,2025-03-23
Paraguay,Omar Alderete,3,0,0,2024-06-28,2025-03-20
Qatar,Ahmed Al-Rawi,3,0,0,2024-03-21,2025-03-20
Japan,Kōki Ogawa,3,0,0,2024-10-10,2024-11-19
Netherlands,Teun Koopmeiners,3,0,0,2022-06-08,2024-11-16
Uzbekistan,Otabek Shukurov,3,1,0,2023-11-16,2024-10-15
Turkiye,İrfan Kahveci,3,0,0,2023-06-16,2024-10-14
Austria,Philipp Lienhart,3,0,0,2023-11-16,2024-10-13
England,Jack Grealish,3,0,0,2022-11-21,2024-10-13
Germany,Deniz Undav,3,0,0,2024-09-10,2024-10-11
Argentina,Nicolás Otamendi,3,0,0,2023-10-12,2024-10-10
Argentina,Nicolás González,3,0,0,2022-03-25,2024-09-10
Japan,Koki Ogawa,3,0,0,2024-06-06,2024-09-10
Japan,Kaoru Mitoma,3,0,0,2022-03-24,2024-09-05
Portugal,Diogo Dalot,3,0,0,2022-09-24,2024-09-05
Uruguay,Rodrigo Bentancur,3,0,0,2022-02-01,2024-07-13
Canada,Jacob Shaffelburg,3,0,0,2023-07-09,2024-07-05
Turkiye,Cenk Tosun,3,0,0,2023-10-15,2024-06-26
Cabo Verde,Jamiro Monteiro,3,0,0,2023-11-21,2024-06-08
South Africa,Themba Zwane,3,0,0,2024-01-21,2024-06-07
Japan,Keito Nakamura,3,0,0,2024-01-14,2024-06-06
Curacao,Rangelo Janga,3,1,0,2024-06-05,2024-06-05
Canada,Cyle Larin,3,0,0,2022-01-30,2024-03-23
IR Iran,Alireza Jahanbakhsh,3,2,0,2022-03-29,2024-02-07
Cabo Verde,Ryan Mendes,3,1,0,2023-11-21,2024-01-29
Australia,Harry Souttar,3,0,0,2023-11-16,2024-01-28
Senegal,Lamine Camara,3,0,0,2023-11-18,2024-01-15
IR Iran,Ramin Rezaeian,3,0,0,2022-11-25,2023-11-21
Netherlands,Calvin Stengs,3,0,0,2023-11-21,2023-11-21
Tunisia,Youssef Msakni,3,1,0,2022-01-23,2023-11-21
Scotland,Stuart Armstrong,3,0,0,2022-06-14,2023-11-19
Sweden,Viktor Claesson,3,0,0,2022-09-24,2023-11-19
Croatia,Lovro Majer,3,0,0,2022-09-22,2023-11-18
Australia,Mitchell Duke,3,0,0,2022-11-26,2023-11-16
Uruguay,Nicolás de la Cruz,3,0,0,2023-09-08,2023-10-17
Ecuador,Félix Torres,3,0,0,2022-01-27,2023-09-12
Mexico,Luis Chávez,3,0,0,2022-11-30,2023-07-12
USA,Brandon Vázquez,3,0,0,2023-06-24,2023-07-09
Netherlands,Steven Bergwijn,3,0,0,2022-06-03,2023-06-18
Turkiye,Cengiz Ünder,3,1,0,2022-06-04,2023-06-16
Switzerland,Renato Steffen,3,0,0,2023-03-25,2023-03-25
Czechia,Jan Kuchta,3,0,0,2022-06-02,2023-03-24
Tunisia,Wahbi Khazri,3,0,0,2022-01-16,2022-11-30
New Zealand,Bill Tuiloma,3,0,0,2022-03-24,2022-03-30
Morocco,Sofiane Boufal,3,2,0,2022-01-10,2022-01-30
Cote d'Ivoire,Bazoumana Touré,2,0,0,2025-12-31,2026-01-06
Tunisia,Firas Chaouat,2,0,0,2025-10-10,2026-01-03
Algeria,Farès Chaïbi,2,0,0,2023-11-19,2025-12-31
Algeria,Ibrahim Maza,2,0,0,2025-12-24,2025-12-31
Congo DR,Gaël Kakuta,2,1,0,2025-12-30,2025-12-30
Congo DR,Nathanaël Mbuku,2,0,0,2025-09-05,2025-12-30
Senegal,Abdoulaye Seck,2,0,0,2024-01-23,2025-12-30
Tunisia,Ismaël Gharbi,2,1,0,2025-10-10,2025-12-30
Tunisia,Ali Abdi,2,2,0,2025-10-13,2025-12-27
Belgium,Hans Vanaken,2,0,0,2025-11-15,2025-11-18
Haiti,Ruben Providence,2,0,0,2025-06-07,2025-11-18
Iraq,Amir Al-Ammari,2,1,0,2024-03-26,2025-11-18
Panama,César Blackman,2,0,0,2024-06-27,2025-11-18
Scotland,Kenny McLean,2,0,0,2023-06-17,2025-11-18
Scotland,Lawrence Shankland,2,0,0,2023-11-16,2025-11-18
Croatia,Kristijan Jakić,2,0,0,2025-09-08,2025-11-17
Croatia,Nikola Vlašić,2,0,0,2025-11-14,2025-11-17
Czechia,Adam Karabec,2,0,0,2025-10-12,2025-11-17
Czechia,David Douděra,2,0,0,2023-11-20,2025-11-17
France,Jean-Philippe Mateta,2,0,0,2025-10-13,2025-11-16
Norway,Jørgen Strand Larsen,2,0,0,2023-11-19,2025-11-16
Spain,Martin Zubimendi,2,0,0,2024-10-12,2025-11-15
Switzerland,Johan Manzambi,2,0,0,2025-10-10,2025-11-15
Congo DR,Chancel Mbemba,2,0,0,2024-02-02,2025-11-13
Curacao,Jordi Paulina,2,1,0,2025-11-13,2025-11-13
Panama,Cecilio Waterman,2,0,0,2025-11-13,2025-11-13
England,Anthony Gordon,2,0,0,2024-11-17,2025-10-14
Belgium,Thomas Meunier,2,0,0,2025-09-07,2025-10-13
Cabo Verde,Willy Semedo,2,0,0,2025-10-08,2025-10-13
France,Christopher Nkunku,2,0,0,2024-10-10,2025-10-13
Tunisia,Ferjani Sassi,2,0,0,2025-09-04,2025-10-13
Scotland,Che Adams,2,0,0,2025-09-08,2025-10-12
Iraq,Zidane Iqbal,2,0,0,2024-03-26,2025-10-11
Turkiye,İrfan Can Kahveci,2,0,0,2025-03-20,2025-10-11
Cote d'Ivoire,Oumar Diakité,2,0,0,2024-02-03,2025-10-10
Curacao,Tahith Chong,2,0,0,2025-09-09,2025-09-09
Norway,Felix Horn Myhre,2,0,0,2024-09-09,2025-09-09
Norway,Martin Ødegaard,2,0,0,2023-09-12,2025-09-09
Paraguay,Matías Galarza,2,0,0,2025-06-05,2025-09-09
Morocco,Hamza Igamane,2,0,0,2025-09-05,2025-09-08
Czechia,Lukáš Červ,2,0,0,2024-10-14,2025-09-05
Senegal,Kalidou Koulibaly,2,0,0,2022-11-29,2025-09-05
Sweden,Yasin Ayari,2,0,0,2024-10-11,2025-09-05
Switzerland,Silvan Widmer,2,0,0,2023-03-28,2025-09-05
Brazil,Bruno Guimarães,2,0,0,2022-03-29,2025-09-04
Cabo Verde,Diney,2,0,0,2024-06-11,2025-09-04
Colombia,Juan Fernando Quintero,2,0,0,2024-11-15,2025-09-04
Tunisia,Hazem Mastouri,2,0,0,2025-03-19,2025-09-04
Turkiye,Mert Müldür,2,0,0,2024-06-18,2025-09-04
USA,Chris Richards,2,0,0,2025-06-19,2025-07-06
Mexico,Alexis Vega,2,0,0,2022-01-27,2025-06-28
USA,Patrick Agyemang,2,0,0,2025-06-15,2025-06-22
Canada,Nathan Saliba,2,0,0,2025-06-17,2025-06-21
Curacao,Jeremy Antonisse,2,0,0,2025-06-10,2025-06-21
Panama,Cristian Martínez,2,0,0,2024-06-06,2025-06-16
USA,Haji Wright,2,0,0,2022-12-03,2025-06-15
Haiti,Louicius Don Deedson,2,0,0,2024-06-09,2025-06-10
Japan,Mao Hosoya,2,0,0,2023-11-21,2025-06-10
Panama,César Yanis,2,0,0,2024-07-01,2025-06-10
Saudi Arabia,Abdulrahman Al-Aboud,2,0,0,2025-06-05,2025-06-10
Panama,Fidel Escobar,2,0,0,2023-07-04,2025-06-07
Croatia,Franjo Ivanović,2,0,0,2025-06-06,2025-06-06
Czechia,Adam Hložek,2,0,0,2024-11-19,2025-06-06
Colombia,Jhon Durán,2,0,0,2024-10-15,2025-03-25
Congo DR,Fiston Mayele,2,0,0,2024-06-06,2025-03-25
Egypt,Ahmed Sayed,2,0,0,2025-03-21,2025-03-25
Qatar,Lucas Mendes,2,0,0,2024-11-14,2025-03-25
Uzbekistan,Khojimat Erkinov,2,0,0,2024-03-26,2025-03-25
Tunisia,Seifeddine Jaziri,2,0,0,2022-01-16,2025-03-24
Portugal,Francisco Trincão,2,0,0,2025-03-23,2025-03-23
Turkiye,Abdülkerim Bardakcı,2,0,0,2023-06-16,2025-03-23
Norway,Aron Dønnum,2,0,0,2023-11-19,2025-03-22
Algeria,Mohamed El Amine Amoura,2,0,0,2025-03-21,2025-03-21
Ghana,Ernest Nuamah,2,0,0,2024-06-06,2025-03-21
Ghana,Iñaki Williams,2,0,0,2023-11-17,2025-03-21
New Zealand,Sarpreet Singh,2,0,0,2024-11-15,2025-03-21
New Zealand,Tyler Bindon,2,0,0,2024-11-15,2025-03-21
Australia,Lewis Miller,2,0,0,2024-10-10,2025-03-20
Iraq,Ibrahim Bayesh,2,0,0,2024-10-15,2025-03-20
Jordan,Yazan Al-Arab,2,0,0,2024-01-29,2025-03-20
Qatar,Ahmed Alaaeldin,2,1,0,2023-11-16,2025-03-20
Turkiye,Orkun Kökçü,2,0,0,2023-03-25,2025-03-20
Iraq,Youssef Amyn,2,0,0,2023-11-16,2024-11-19
Paraguay,Miguel Almirón,2,0,0,2022-03-24,2024-11-19
New Zealand,Callum McCowatt,2,0,0,2024-11-15,2024-11-18
Spain,Yeremy Pino,2,0,0,2023-06-15,2024-11-18
Japan,Yukinari Sugawara,2,0,0,2023-11-21,2024-11-15
New Zealand,Matthew Garbett,2,0,0,2022-03-30,2024-11-15
Ecuador,Alan Minda,2,0,0,2024-06-26,2024-11-14
Ecuador,Gonzalo Plata,2,0,0,2024-11-14,2024-11-14
England,Ollie Watkins,2,0,0,2024-07-10,2024-11-14
Korea Republic,Bae Jun-ho,2,0,0,2024-06-06,2024-11-14
Korea Republic,Oh Se-hun,2,0,0,2024-10-15,2024-11-14
Brazil,Luiz Henrique,2,0,0,2024-10-10,2024-10-15
Colombia,Davinson Sánchez,2,0,0,2024-06-28,2024-10-15
Croatia,Borna Sosa,2,0,0,2022-09-22,2024-10-15
Spain,Álex Baena,2,0,0,2023-09-12,2024-10-15
Belgium,Loïs Openda,2,0,0,2022-06-08,2024-10-14
Sweden,Sebastian Nanasi,2,0,0,2024-10-14,2024-10-14
England,Trent Alexander-Arnold,2,0,0,2023-06-16,2024-10-13
Qatar,Ibrahim Al-Hassan,2,0,0,2024-09-05,2024-10-10
Jordan,Noor Al-Rawabdeh,2,0,0,2024-06-11,2024-09-10
Korea Republic,Joo Min-kyu,2,0,0,2024-06-06,2024-09-10
Saudi Arabia,Hassan Kadesh,2,0,0,2024-09-10,2024-09-10
Uzbekistan,Husniddin Aliqulov,2,0,0,2024-06-06,2024-09-10
Argentina,Paulo Dybala,2,0,0,2022-06-01,2024-09-05
Japan,Daizen Maeda,2,0,0,2022-12-05,2024-09-05
Colombia,Jefferson Lerma,2,0,0,2024-06-24,2024-07-10
Colombia,Miguel Borja,2,1,0,2022-03-24,2024-07-06
Ecuador,Kevin Rodríguez,2,0,0,2023-10-12,2024-07-04
Colombia,Daniel Muñoz,2,0,0,2024-06-24,2024-07-02
Uruguay,Mathías Olivera,2,0,0,2023-10-12,2024-07-01
New Zealand,Max Mata,2,0,0,2024-06-21,2024-06-30
USA,Folarin Balogun,2,0,0,2024-06-23,2024-06-27
Uruguay,Maximiliano Araújo,2,0,0,2024-06-23,2024-06-27
Ecuador,Kendry Páez,2,1,0,2023-10-12,2024-06-26
Panama,Michael Amir Murillo,2,0,0,2023-06-30,2024-06-23
Iraq,Ali Jasim,2,0,0,2024-06-06,2024-06-11
South Africa,Thapelo Morena,2,0,0,2024-06-11,2024-06-11
Australia,Ajdin Hrustic,2,0,0,2022-06-07,2024-06-06
Uzbekistan,Sherzod Nasrullaev,2,0,0,2024-01-18,2024-06-06
IR Iran,Hossein Kanaanizadegan,2,0,0,2024-03-21,2024-03-21
Japan,Ao Tanaka,2,0,0,2022-12-01,2024-03-21
South Africa,Teboho Mokoena,2,1,0,2024-01-30,2024-02-07
Saudi Arabia,Abdullah Radif,2,0,0,2023-11-16,2024-01-30
South Africa,Percy Tau,2,1,0,2023-11-18,2024-01-21
Tunisia,Hamza Rafia,2,0,0,2023-11-17,2024-01-20
Morocco,Romain Saïss,2,0,0,2022-11-27,2024-01-17
Saudi Arabia,Abdulrahman Ghareeb,2,0,0,2023-11-16,2024-01-16
Iraq,Osama Rashid,2,0,0,2023-11-16,2024-01-15
Jordan,Mahmoud Al-Mardi,2,0,0,2024-01-15,2024-01-15
Cabo Verde,Garry Rodrigues,2,0,0,2022-01-17,2024-01-14
Colombia,Rafael Santos Borré,2,1,0,2023-09-07,2023-11-21
France,Youssouf Fofana,2,0,0,2023-11-18,2023-11-21
Qatar,Mostafa Meshaal,2,0,0,2023-11-16,2023-11-21
Qatar,Yusuf Abdurisag,2,0,0,2023-06-25,2023-11-21
France,Kingsley Coman,2,0,0,2023-11-18,2023-11-18
France,Marcus Thuram,2,0,0,2023-09-07,2023-11-18
Cote d'Ivoire,Hamed Traorè,2,0,0,2023-11-17,2023-11-17
Cote d'Ivoire,Karim Konaté,2,1,0,2023-11-17,2023-11-17
Algeria,Islam Slimani,2,0,0,2022-03-25,2023-11-16
Qatar,Tameem Al-Abdullah,2,0,0,2023-06-29,2023-11-16
Belgium,Dodi Lukebakio,2,0,0,2023-10-13,2023-10-13
Colombia,Mateus Uribe,2,0,0,2022-03-24,2023-10-12
Portugal,Gonçalo Inácio,2,0,0,2023-09-11,2023-09-11
Sweden,Robin Quaison,2,0,0,2022-03-24,2023-09-09
France,Aurélien Tchouaméni,2,0,0,2022-12-10,2023-09-07
Mexico,Santiago Giménez,2,0,0,2023-06-29,2023-07-16
Mexico,Orbelín Pineda,2,1,0,2023-06-25,2023-07-08
Panama,Yoel Bárcenas,2,0,0,2023-06-26,2023-07-08
Canada,Junior Hoilett,2,1,0,2022-03-27,2023-07-04
USA,Djordje Mihailovic,2,0,0,2023-06-28,2023-06-28
Mexico,Luis Romo,2,0,0,2023-06-25,2023-06-25
Scotland,Callum McGregor,2,0,0,2022-06-01,2023-06-20
Croatia,Mateo Kovačić,2,0,0,2023-03-28,2023-03-28
Netherlands,Nathan Aké,2,0,0,2023-03-27,2023-03-27
Portugal,Otávio,2,0,0,2022-03-24,2023-03-26
Bosnia and Herzegovina,Rade Krunić,2,0,0,2023-03-23,2023-03-23
Korea Republic,Kim Young-gwon,2,0,0,2022-03-24,2022-12-02
Brazil,Casemiro,2,0,0,2022-01-27,2022-11-28
Croatia,Marko Livaja,2,0,0,2022-09-25,2022-11-27
Morocco,Zakaria Aboukhlal,2,0,0,2022-01-14,2022-11-27
Senegal,Bamba Dieng,2,0,0,2022-01-25,2022-11-25
Senegal,Boulaye Dia,2,0,0,2022-03-29,2022-11-25
Senegal,Famara Diédhiou,2,0,0,2022-01-30,2022-11-25
Ghana,André Ayew,2,0,0,2022-01-14,2022-11-24
Spain,Carlos Soler,2,0,0,2022-06-12,2022-11-23
Netherlands,Davy Klaassen,2,0,0,2022-06-11,2022-11-21
Germany,Timo Werner,2,0,0,2022-06-14,2022-06-14
Spain,Pablo Sarabia,2,0,0,2022-06-09,2022-06-12
Germany,Jonas Hofmann,2,0,0,2022-06-07,2022-06-11
Bosnia and Herzegovina,Smail Prevljak,2,0,0,2022-06-04,2022-06-07
Turkiye,Doğukan Sinik,2,0,0,2022-06-07,2022-06-07
Turkiye,Halil Dervişoğlu,2,0,0,2022-06-04,2022-06-07
Morocco,Tarik Tissoudali,2,0,0,2022-03-25,2022-03-29
Brazil,Philippe Coutinho,2,1,0,2022-02-01,2022-03-24
New Zealand,Alex Greive,2,0,0,2022-03-24,2022-03-24
Japan,Junya Ito,2,0,0,2022-01-27,2022-02-01
Cote d'Ivoire,Nicolas Pépé,2,0,0,2022-01-16,2022-01-20
Congo DR,Axel Tuanzebe,1,0,0,2026-03-31,2026-03-31
Sweden,Gustaf Lagerbielke,1,0,0,2026-03-31,2026-03-31
Turkiye,Ferdi Kadıoğlu,1,0,0,2026-03-26,2026-03-26
Cote d'Ivoire,Guéla Doué,1,0,0,2026-01-10,2026-01-10
Egypt,Ramy Rabia,1,0,0,2026-01-10,2026-01-10
Algeria,Adil Boulbina,1,0,0,2026-01-06,2026-01-06
Egypt,Marwan Attia,1,0,0,2026-01-05,2026-01-05
Egypt,Yasser Ibrahim,1,0,0,2026-01-05,2026-01-05
Senegal,Ibrahim Mbaye,1,0,0,2026-01-03,2026-01-03
Algeria,Zineddine Belaïd,1,0,0,2025-12-31,2025-12-31
South Africa,Tshepang Moremi,1,0,0,2025-12-29,2025-12-29
Tunisia,Montassar Talbi,1,0,0,2025-12-27,2025-12-27
Tunisia,Ellyes Skhiri,1,0,0,2025-12-23,2025-12-23
Belgium,Alexis Saelemaekers,1,0,0,2025-11-18,2025-11-18
Belgium,Brandon Mechele,1,0,0,2025-11-18,2025-11-18
Scotland,Kieran Tierney,1,0,0,2025-11-18,2025-11-18
Sweden,Gustav Lundgren,1,0,0,2025-11-18,2025-11-18
Switzerland,Rubén Vargas,1,0,0,2025-11-18,2025-11-18
Turkiye,Deniz Gül,1,0,0,2025-11-18,2025-11-18
Turkiye,Salih Özcan,1,0,0,2025-11-18,2025-11-18
Czechia,Robin Hranáč,1,0,0,2025-11-17,2025-11-17
Czechia,Vladimír Coufal,1,0,0,2025-11-17,2025-11-17
Germany,Assan Ouédraogo,1,0,0,2025-11-17,2025-11-17
Germany,Ridle Baku,1,0,0,2025-11-17,2025-11-17
France,Maghnes Akliouche,1,0,0,2025-11-16,2025-11-16
Portugal,Renato Veiga,1,0,0,2025-11-16,2025-11-16
Bosnia and Herzegovina,Esmir Bajraktarević,1,0,0,2025-11-15,2025-11-15
Scotland,Ben Gannon-Doak,1,0,0,2025-11-15,2025-11-15
Sweden,Benjamin Nygren,1,0,0,2025-11-15,2025-11-15
Croatia,Petar Musa,1,0,0,2025-11-14,2025-11-14
Curacao,Ar'jany Martha,1,0,0,2025-11-13,2025-11-13
Curacao,Leandro Bacuna,1,1,0,2025-11-13,2025-11-13
Curacao,Roshon van Eijma,1,0,0,2025-11-13,2025-11-13
Curacao,Sontje Hansen,1,0,0,2025-11-13,2025-11-13
France,Hugo Ekitike,1,0,0,2025-11-13,2025-11-13
Congo DR,Theo Bongonda,1,0,0,2025-10-14,2025-10-14
Qatar,Boualem Khoukhi,1,0,0,2025-10-14,2025-10-14
Qatar,Pedro Miguel,1,0,0,2025-10-14,2025-10-14
South Africa,Thalente Mbatha,1,0,0,2025-10-14,2025-10-14
Cabo Verde,Stopira,1,0,0,2025-10-13,2025-10-13
Tunisia,Hannibal Mejbri,1,0,0,2025-10-13,2025-10-13
Croatia,Luka Sučić,1,0,0,2025-10-12,2025-10-12
Croatia,Martin Erlić,1,0,0,2025-10-12,2025-10-12
Croatia,Toni Fruk,1,0,0,2025-10-12,2025-10-12
Egypt,Mohamed Hamdy,1,0,0,2025-10-12,2025-10-12
Portugal,Rúben Neves,1,0,0,2025-10-11,2025-10-11
Spain,Yéremy Pino,1,0,0,2025-10-11,2025-10-11
Turkiye,Zeki Çelik,1,0,0,2025-10-11,2025-10-11
Congo DR,Cedric Bakambu,1,0,0,2025-10-10,2025-10-10
Cote d'Ivoire,Emmanuel Agbadou,1,0,0,2025-10-10,2025-10-10
Curacao,Livano Comenencia,1,0,0,2025-10-10,2025-10-10
France,Florian Thauvin,1,0,0,2025-10-10,2025-10-10
Germany,David Raum,1,0,0,2025-10-10,2025-10-10
Austria,Nikolaus Wurmbrand,1,0,0,2025-10-09,2025-10-09
Bosnia and Herzegovina,Nikola Katić,1,0,0,2025-10-09,2025-10-09
Scotland,Lewis Ferguson,1,0,0,2025-10-09,2025-10-09
Cabo Verde,Sidny Lopes Cabral,1,0,0,2025-10-08,2025-10-08
Cabo Verde,Telmo Arcanjo,1,0,0,2025-10-08,2025-10-08
Egypt,Ibrahim Adel,1,0,0,2025-10-08,2025-10-08
Ghana,Kamaldeen Sulemana,1,0,0,2025-10-08,2025-10-08
Saudi Arabia,Saleh Abu Al-Shamat,1,0,0,2025-10-08,2025-10-08
Colombia,Yerry Mina,1,0,0,2025-09-09,2025-09-09
Curacao,Tyrese Noslin,1,0,0,2025-09-09,2025-09-09
England,Ezri Konsa,1,0,0,2025-09-09,2025-09-09
England,Marc Guéhi,1,0,0,2025-09-09,2025-09-09
England,Noni Madueke,1,0,0,2025-09-09,2025-09-09
Panama,Carlos Harvey,1,0,0,2025-09-08,2025-09-08
Switzerland,Nico Elvedi,1,0,0,2025-09-08,2025-09-08
Belgium,Nicolas Raskin,1,0,0,2025-09-07,2025-09-07
Germany,Nadiem Amiri,1,0,0,2025-09-07,2025-09-07
Netherlands,Quinten Timber,1,0,0,2025-09-07,2025-09-07
Bosnia and Herzegovina,Benjamin Tahirović,1,0,0,2025-09-06,2025-09-06
Bosnia and Herzegovina,Kerim Alajbegović,1,0,0,2025-09-06,2025-09-06
Bosnia and Herzegovina,Nihad Mujakić,1,0,0,2025-09-06,2025-09-06
Bosnia and Herzegovina,Samed Baždar,1,0,0,2025-09-06,2025-09-06
Cote d'Ivoire,Vakoun Issouf Bayo,1,0,0,2025-09-05,2025-09-05
South Africa,Mohau Nkota,1,0,0,2025-09-05,2025-09-05
Belgium,Arthur Theate,1,0,0,2025-09-04,2025-09-04
Belgium,Malick Fofana,1,0,0,2025-09-04,2025-09-04
Brazil,Estêvão Willian,1,0,0,2025-09-04,2025-09-04
Cabo Verde,Jovane Cabral,1,0,0,2025-09-04,2025-09-04
Spain,Marc Cucurella,1,0,0,2025-09-04,2025-09-04
Uruguay,Federico Viñas,1,0,0,2025-09-04,2025-09-04
USA,Maximilian Arfsten,1,0,0,2025-06-29,2025-06-29
Canada,Niko Sigur,1,0,0,2025-06-17,2025-06-17
Canada,Promise David,1,0,0,2025-06-17,2025-06-17
Canada,Tani Oluwaseyi,1,0,0,2025-06-17,2025-06-17
USA,Brenden Aaronson,1,0,0,2025-06-15,2025-06-15
Australia,Connor Metcalfe,1,0,0,2025-06-10,2025-06-10
Australia,Mitch Duke,1,0,0,2025-06-10,2025-06-10
Curacao,Jearl Margaritha,1,0,0,2025-06-10,2025-06-10
Curacao,Kevin Felida,1,0,0,2025-06-10,2025-06-10
IR Iran,Amirhossein Hosseinzadeh,1,0,0,2025-06-10,2025-06-10
IR Iran,Mohammad Mehdi Mohebi,1,0,0,2025-06-10,2025-06-10
Iraq,Sajjad Jassim,1,0,0,2025-06-10,2025-06-10
Japan,Ryōya Morishita,1,0,0,2025-06-10,2025-06-10
Japan,Shūto Machino,1,0,0,2025-06-10,2025-06-10
Netherlands,Micky van de Ven,1,0,0,2025-06-10,2025-06-10
Portugal,Nuno Mendes,1,0,0,2025-06-08,2025-06-08
Spain,Martín Zubimendi,1,0,0,2025-06-08,2025-06-08
Haiti,Mondy Prunier,1,0,0,2025-06-07,2025-06-07
Australia,Aziz Behich,1,0,0,2025-06-05,2025-06-05
France,Rayan Cherki,1,0,0,2025-06-05,2025-06-05
Korea Republic,Kim Jin-gyu,1,0,0,2025-06-05,2025-06-05
Qatar,Ró-Ró,1,0,0,2025-06-05,2025-06-05
Algeria,Aïssa Mandi,1,0,0,2025-03-25,2025-03-25
Algeria,Jaouen Hadjam,1,0,0,2025-03-25,2025-03-25
Argentina,Giuliano Simeone,1,0,0,2025-03-25,2025-03-25
Brazil,Matheus Cunha,1,0,0,2025-03-25,2025-03-25
Congo DR,Charles Pickel,1,0,0,2025-03-25,2025-03-25
Czechia,Jan Kliment,1,0,0,2025-03-25,2025-03-25
Morocco,Nayef Aguerd,1,0,0,2025-03-25,2025-03-25
Norway,David Møller Wolfe,1,0,0,2025-03-25,2025-03-25
Norway,Kristoffer Ajer,1,0,0,2025-03-25,2025-03-25
Paraguay,Júnior Alonso,1,0,0,2025-03-25,2025-03-25
South Africa,Jayden Adams,1,0,0,2025-03-25,2025-03-25
Bosnia and Herzegovina,Haris Hajradinović,1,0,0,2025-03-24,2025-03-24
England,Reece James,1,0,0,2025-03-24,2025-03-24
New Zealand,Michael Boxall,1,0,0,2025-03-24,2025-03-24
Netherlands,Ian Maatsen,1,0,0,2025-03-23,2025-03-23
Norway,Julian Ryerson,1,0,0,2025-03-22,2025-03-22
Algeria,Amine Gouiri,1,0,0,2025-03-21,2025-03-21
Bosnia and Herzegovina,Armin Gigović,1,0,0,2025-03-21,2025-03-21
England,Myles Lewis-Skelly,1,0,0,2025-03-21,2025-03-21
Ghana,Antoine Semenyo,1,0,0,2025-03-21,2025-03-21
Morocco,Bilal El Khannouss,1,0,0,2025-03-21,2025-03-21
New Zealand,Tim Payne,1,0,0,2025-03-21,2025-03-21
Cabo Verde,Yannick Semedo,1,0,0,2025-03-20,2025-03-20
Germany,Leon Goretzka,1,0,0,2025-03-20,2025-03-20
Iraq,Akam Hashim,1,0,0,2025-03-20,2025-03-20
Jordan,Abdallah Nasib,1,0,0,2025-03-20,2025-03-20
Qatar,Ahmed Al Ganehi,1,0,0,2025-03-20,2025-03-20
Uzbekistan,Khojiakbar Alijonov,1,0,0,2025-03-20,2025-03-20
Brazil,Gerson,1,0,0,2024-11-19,2024-11-19
Germany,Felix Nmecha,1,0,0,2024-11-19,2024-11-19
IR Iran,Saleh Hardani,1,0,0,2024-11-19,2024-11-19
Japan,Ko Itakura,1,0,0,2024-11-19,2024-11-19
Netherlands,Brian Brobbey,1,0,0,2024-11-19,2024-11-19
New Zealand,Francis de Vries,1,0,0,2024-11-18,2024-11-18
New Zealand,Marko Stamenić,1,0,0,2024-11-18,2024-11-18
Scotland,Andy Robertson,1,0,0,2024-11-18,2024-11-18
Spain,Bryan Gil,1,0,0,2024-11-18,2024-11-18
Spain,Bryan Zaragoza,1,1,0,2024-11-18,2024-11-18
Switzerland,Andi Zeqiri,1,1,0,2024-11-18,2024-11-18
Switzerland,Joël Monteiro,1,0,0,2024-11-18,2024-11-18
England,Conor Gallagher,1,0,0,2024-11-17,2024-11-17
England,Jarrod Bowen,1,0,0,2024-11-17,2024-11-17
England,Taylor Harwood-Bellis,1,0,0,2024-11-17,2024-11-17
Colombia,Andrés Gómez,1,0,0,2024-11-15,2024-11-15
Portugal,Pedro Neto,1,0,0,2024-11-15,2024-11-15
Spain,Ayoze Pérez,1,0,0,2024-11-15,2024-11-15
Uruguay,Manuel Ugarte,1,0,0,2024-11-15,2024-11-15
England,Curtis Jones,1,0,0,2024-11-14,2024-11-14
Norway,Jens Petter Hauge,1,0,0,2024-11-14,2024-11-14
Brazil,Andreas Pereira,1,0,0,2024-10-15,2024-10-15
Colombia,Luis Sinisterra,1,0,0,2024-10-15,2024-10-15
Croatia,Martin Baturina,1,0,0,2024-10-15,2024-10-15
Croatia,Petar Sučić,1,0,0,2024-10-15,2024-10-15
Spain,Aymeric Laporte,1,0,0,2024-10-15,2024-10-15
Germany,Jamie Leweling,1,0,0,2024-10-14,2024-10-14
Croatia,Igor Matanović,1,0,0,2024-10-12,2024-10-12
Sweden,Ken Sema,1,0,0,2024-10-11,2024-10-11
Austria,Matthias Seidl,1,0,0,2024-10-10,2024-10-10
Brazil,Igor Jesus,1,0,0,2024-10-10,2024-10-10
France,Eduardo Camavinga,1,0,0,2024-10-10,2024-10-10
France,Mattéo Guendouzi,1,0,0,2024-10-10,2024-10-10
Colombia,Yerson Mosquera,1,0,0,2024-09-10,2024-09-10
Paraguay,Diego Gómez,1,0,0,2024-09-10,2024-09-10
Czechia,Lukáš Kalvach,1,0,0,2024-09-07,2024-09-07
Germany,Aleksandar Pavlović,1,0,0,2024-09-07,2024-09-07
Netherlands,Joshua Zirkzee,1,0,0,2024-09-07,2024-09-07
Japan,Junya Itō,1,0,0,2024-09-05,2024-09-05
Japan,Wataru Endo,1,0,0,2024-09-05,2024-09-05
Scotland,Billy Gilmour,1,0,0,2024-09-05,2024-09-05
Uzbekistan,Jaloliddin Masharipov,1,0,0,2024-09-05,2024-09-05
England,Cole Palmer,1,0,0,2024-07-14,2024-07-14
Canada,Ismaël Koné,1,0,0,2024-07-13,2024-07-13
Colombia,Richard Ríos,1,0,0,2024-07-06,2024-07-06
Netherlands,Stefan de Vrij,1,0,0,2024-07-06,2024-07-06
Turkiye,Samet Akaydin,1,0,0,2024-07-06,2024-07-06
Argentina,Lisandro Martínez,1,0,0,2024-07-04,2024-07-04
Paraguay,Ramón Sosa,1,0,0,2024-07-02,2024-07-02
New Zealand,Cameron Howieson,1,0,0,2024-06-30,2024-06-30
New Zealand,Jesse Randall,1,0,0,2024-06-30,2024-06-30
Spain,Rodri,1,0,0,2024-06-30,2024-06-30
Brazil,Sávio,1,0,0,2024-06-28,2024-06-28
New Zealand,Finn Surman,1,0,0,2024-06-27,2024-06-27
Uruguay,Facundo Pellistri,1,0,0,2024-06-27,2024-06-27
Uruguay,Matías Viña,1,0,0,2024-06-23,2024-06-23
Ecuador,Jeremy Sarmiento,1,0,0,2024-06-22,2024-06-22
Mexico,Gerardo Arteaga,1,0,0,2024-06-22,2024-06-22
Austria,Gernot Trauner,1,0,0,2024-06-21,2024-06-21
New Zealand,Ben Old,1,0,0,2024-06-21,2024-06-21
Czechia,Lukáš Provod,1,0,0,2024-06-18,2024-06-18
Spain,Dani Carvajal,1,0,0,2024-06-15,2024-06-15
Switzerland,Kwadwo Duah,1,0,0,2024-06-15,2024-06-15
Switzerland,Michel Aebischer,1,0,0,2024-06-15,2024-06-15
Germany,Emre Can,1,0,0,2024-06-14,2024-06-14
Australia,Adam Taggart,1,0,0,2024-06-11,2024-06-11
Australia,Nestory Irankunda,1,1,0,2024-06-11,2024-06-11
Iraq,Hussein Ali,1,0,0,2024-06-11,2024-06-11
Japan,Yuki Soma,1,1,0,2024-06-11,2024-06-11
Morocco,Chadi Riad,1,0,0,2024-06-11,2024-06-11
Morocco,Soufiane Rahimi,1,0,0,2024-06-11,2024-06-11
Qatar,Yousef Aymen,1,0,0,2024-06-11,2024-06-11
Saudi Arabia,Ali Lajami,1,0,0,2024-06-11,2024-06-11
South Africa,Iqraam Rayners,1,0,0,2024-06-11,2024-06-11
Algeria,Houssem Aouar,1,0,0,2024-06-10,2024-06-10
Algeria,Said Benrahma,1,0,0,2024-06-10,2024-06-10
Ghana,Abdul Fatawu,1,0,0,2024-06-10,2024-06-10
Haiti,Bryan Labissiere,1,0,0,2024-06-09,2024-06-09
Haiti,Duke Lacroix,1,0,0,2024-06-09,2024-06-09
Panama,Jovani Welch,1,0,0,2024-06-09,2024-06-09
Curacao,Xander Severina,1,0,0,2024-06-08,2024-06-08
Morocco,Eliesse Ben Seghir,1,0,0,2024-06-07,2024-06-07
Haiti,Jean-Kévin Duverne,1,0,0,2024-06-06,2024-06-06
Jordan,Ibrahim Sadeh,1,0,0,2024-06-06,2024-06-06
Australia,John Iredale,1,0,0,2024-03-26,2024-03-26
Iraq,Zaid Tahseen,1,0,0,2024-03-26,2024-03-26
Jordan,Mohammad Abu Zrayq,1,0,0,2024-03-26,2024-03-26
Jordan,Saed Al-Rosan,1,0,0,2024-03-26,2024-03-26
Korea Republic,Park Jin-seob,1,0,0,2024-03-26,2024-03-26
Australia,Keanu Baccus,1,0,0,2024-03-21,2024-03-21
Australia,Kye Rowles,1,0,0,2024-03-21,2024-03-21
IR Iran,Omid Noorafkan,1,0,0,2024-03-21,2024-03-21
Uzbekistan,Rustam Ashurmatov,1,0,0,2024-03-21,2024-03-21
Qatar,Jassem Gaber,1,0,0,2024-02-07,2024-02-07
Uzbekistan,Odiljon Hamrobekov,1,0,0,2024-02-03,2024-02-03
Congo DR,Arthur Masuaku,1,0,0,2024-02-02,2024-02-02
Iraq,Saad Natiq,1,0,0,2024-01-29,2024-01-29
Jordan,Nizar Al-Rashdan,1,0,0,2024-01-29,2024-01-29
Korea Republic,Jeong Woo-yeong,1,0,0,2024-01-25,2024-01-25
Iraq,Rebin Sulaka,1,0,0,2024-01-24,2024-01-24
Cabo Verde,Bryan Teixeira,1,0,0,2024-01-22,2024-01-22
Cabo Verde,Gilson Tavares,1,0,0,2024-01-22,2024-01-22
Congo DR,Silas Katompa Mvumpa,1,0,0,2024-01-21,2024-01-21
Saudi Arabia,Faisal Al-Ghamdi,1,0,0,2024-01-21,2024-01-21
Saudi Arabia,Mohamed Kanno,1,0,0,2024-01-21,2024-01-21
South Africa,Thapelo Maseko,1,0,0,2024-01-21,2024-01-21
Cabo Verde,Bebé,1,0,0,2024-01-19,2024-01-19
Cabo Verde,Kevin Pina,1,0,0,2024-01-19,2024-01-19
Japan,Wataru Endō,1,0,0,2024-01-19,2024-01-19
Saudi Arabia,Ali Al-Bulaihi,1,0,0,2024-01-16,2024-01-16
Korea Republic,Hwang In-beom,1,0,0,2024-01-15,2024-01-15
IR Iran,Karim Ansarifard,1,0,0,2024-01-14,2024-01-14
IR Iran,Shojae Khalilzadeh,1,0,0,2024-01-14,2024-01-14
Australia,Jordan Bos,1,0,0,2024-01-13,2024-01-13
Ecuador,Ángel Mena,1,0,0,2023-11-21,2023-11-21
Korea Republic,Jung Seung-hyun,1,0,0,2023-11-21,2023-11-21
Netherlands,Mats Wieffer,1,0,0,2023-11-21,2023-11-21
Turkiye,Yusuf Yazıcı,1,1,0,2023-11-21,2023-11-21
Cote d'Ivoire,Christian Kouamé,1,0,0,2023-11-20,2023-11-20
Algeria,Ramiz Zerrouki,1,0,0,2023-11-19,2023-11-19
Norway,Mohamed Elyounoussi,1,0,0,2023-11-19,2023-11-19
Spain,Robin Le Normand,1,0,0,2023-11-19,2023-11-19
France,Jonathan Clauss,1,0,0,2023-11-18,2023-11-18
France,Warren Zaïre-Emery,1,0,0,2023-11-18,2023-11-18
South Africa,Khuliso Mudau,1,0,0,2023-11-18,2023-11-18
Tunisia,Firas Ben Larbi,1,0,0,2023-11-17,2023-11-17
Tunisia,Yassine Meriah,1,0,0,2023-11-17,2023-11-17
Australia,Brandon Borrello,1,0,0,2023-11-16,2023-11-16
Bosnia and Herzegovina,Renato Gojković,1,0,0,2023-11-16,2023-11-16
Brazil,Gabriel Martinelli,1,0,0,2023-11-16,2023-11-16
Iraq,Bashar Resan,1,0,0,2023-11-16,2023-11-16
Korea Republic,Hwang Ui-jo,1,1,0,2023-11-16,2023-11-16
Uruguay,Ronald Araújo,1,0,0,2023-11-16,2023-11-16
Bosnia and Herzegovina,Amar Rahmanović,1,0,0,2023-10-13,2023-10-13
Bosnia and Herzegovina,Miroslav Stevanović,1,0,0,2023-10-13,2023-10-13
Netherlands,Quilindschy Hartman,1,0,0,2023-10-13,2023-10-13
Brazil,Gabriel Magalhães,1,0,0,2023-10-12,2023-10-12
Norway,Fredrik Aursnes,1,0,0,2023-10-12,2023-10-12
Spain,Oihan Sancet,1,0,0,2023-10-12,2023-10-12
Turkiye,Barış Alper Yılmaz,1,0,0,2023-10-12,2023-10-12
Argentina,Nicolás Tagliafico,1,0,0,2023-09-12,2023-09-12
Belgium,Jan Vertonghen,1,0,0,2023-09-12,2023-09-12
Brazil,Marquinhos,1,0,0,2023-09-12,2023-09-12
Sweden,Emil Holm,1,0,0,2023-09-12,2023-09-12
Switzerland,Cedric Itten,1,0,0,2023-09-12,2023-09-12
Uruguay,Agustín Canobbio,1,0,0,2023-09-12,2023-09-12
Belgium,Yannick Carrasco,1,0,0,2023-09-09,2023-09-09
England,Kyle Walker,1,0,0,2023-09-09,2023-09-09
Croatia,Luka Ivanušec,1,0,0,2023-09-08,2023-09-08
Scotland,Ryan Porteous,1,0,0,2023-09-08,2023-09-08
Turkiye,Bertuğ Yıldırım,1,0,0,2023-09-08,2023-09-08
Netherlands,Marten de Roon,1,0,0,2023-09-07,2023-09-07
Mexico,Roberto Alvarado,1,0,0,2023-07-12,2023-07-12
Panama,Iván Anderson,1,0,0,2023-07-12,2023-07-12
Canada,Steven Vitória,1,1,0,2023-07-09,2023-07-09
Mexico,Érick Sánchez,1,0,0,2023-07-08,2023-07-08
Canada,Jayden Nelson,1,0,0,2023-07-04,2023-07-04
Canada,Jonathan Osorio,1,0,0,2023-07-04,2023-07-04
Canada,Liam Millar,1,0,0,2023-07-04,2023-07-04
Qatar,Hazem Shehata,1,0,0,2023-07-02,2023-07-02
USA,Cade Cowell,1,0,0,2023-07-02,2023-07-02
USA,Gianluca Busio,1,0,0,2023-07-02,2023-07-02
USA,Bryan Reynolds,1,0,0,2023-06-28,2023-06-28
Canada,Lucas Cavallini,1,0,0,2023-06-27,2023-06-27
Belgium,Johan Bakayoko,1,0,0,2023-06-20,2023-06-20
Norway,Ola Solbakken,1,0,0,2023-06-20,2023-06-20
England,Kalvin Phillips,1,0,0,2023-06-19,2023-06-19
Turkiye,Umut Nayir,1,0,0,2023-06-19,2023-06-19
Netherlands,Georginio Wijnaldum,1,0,0,2023-06-18,2023-06-18
England,Callum Wilson,1,1,0,2023-06-16,2023-06-16
Austria,Florian Kainz,1,0,0,2023-03-27,2023-03-27
France,Benjamin Pavard,1,0,0,2023-03-27,2023-03-27
Sweden,Jesper Karlsson,1,0,0,2023-03-27,2023-03-27
Czechia,Tomáš Čvančara,1,0,0,2023-03-24,2023-03-24
France,Antoine Griezmann,1,0,0,2023-03-24,2023-03-24
France,Dayot Upamecano,1,0,0,2023-03-24,2023-03-24
Bosnia and Herzegovina,Amar Dedić,1,0,0,2023-03-23,2023-03-23
Croatia,Mislav Oršić,1,0,0,2022-12-17,2022-12-17
Morocco,Achraf Dari,1,0,0,2022-12-17,2022-12-17
France,Théo Hernandez,1,0,0,2022-12-14,2022-12-14
Argentina,Nahuel Molina,1,0,0,2022-12-09,2022-12-09
Portugal,Pepe,1,0,0,2022-12-06,2022-12-06
Portugal,Raphaël Guerreiro,1,0,0,2022-12-06,2022-12-06
Korea Republic,Paik Seung-ho,1,0,0,2022-12-05,2022-12-05
England,Jordan Henderson,1,0,0,2022-12-04,2022-12-04
Netherlands,Daley Blind,1,0,0,2022-12-03,2022-12-03
Australia,Mathew Leckie,1,0,0,2022-11-30,2022-11-30
Ecuador,Moisés Caicedo,1,0,0,2022-11-29,2022-11-29
England,Phil Foden,1,0,0,2022-11-29,2022-11-29
Netherlands,Frenkie de Jong,1,0,0,2022-11-29,2022-11-29
Canada,Alphonso Davies,1,0,0,2022-11-27,2022-11-27
IR Iran,Rouzbeh Cheshmi,1,0,0,2022-11-25,2022-11-25
Qatar,Mohammed Muntari,1,0,0,2022-11-25,2022-11-25
Ghana,Osman Bukari,1,0,0,2022-11-24,2022-11-24
Japan,Takuma Asano,1,0,0,2022-11-23,2022-11-23
Spain,Marco Asensio,1,0,0,2022-11-23,2022-11-23
England,Raheem Sterling,1,0,0,2022-11-21,2022-11-21
USA,Timothy Weah,1,0,0,2022-11-21,2022-11-21
England,Luke Shaw,1,0,0,2022-09-26,2022-09-26
England,Mason Mount,1,0,0,2022-09-26,2022-09-26
Croatia,Dejan Lovren,1,0,0,2022-09-25,2022-09-25
Turkiye,Serdar Gürler,1,0,0,2022-09-25,2022-09-25
Scotland,Jack Hendry,1,0,0,2022-09-24,2022-09-24
Spain,Jordi Alba,1,0,0,2022-09-24,2022-09-24
Turkiye,İsmail Yüksek,1,0,0,2022-09-22,2022-09-22
Bosnia and Herzegovina,Miralem Pjanić,1,1,0,2022-06-14,2022-06-14
Germany,Thomas Müller,1,0,0,2022-06-14,2022-06-14
Scotland,Ché Adams,1,0,0,2022-06-14,2022-06-14
Turkiye,Kaan Ayhan,1,0,0,2022-06-14,2022-06-14
Switzerland,Haris Seferovic,1,0,0,2022-06-12,2022-06-12
Bosnia and Herzegovina,Luka Menalo,1,0,0,2022-06-11,2022-06-11
Austria,Andreas Weimann,1,0,0,2022-06-10,2022-06-10
Portugal,Gonçalo Guedes,1,0,0,2022-06-09,2022-06-09
Belgium,Axel Witsel,1,0,0,2022-06-08,2022-06-08
Belgium,Leander Dendoncker,1,0,0,2022-06-08,2022-06-08
Scotland,Anthony Ralston,1,0,0,2022-06-08,2022-06-08
Scotland,Scott McKenna,1,0,0,2022-06-08,2022-06-08
Austria,Xaver Schlager,1,0,0,2022-06-06,2022-06-06
Czechia,Jakub Pešek,1,0,0,2022-06-05,2022-06-05
Portugal,William Carvalho,1,0,0,2022-06-05,2022-06-05
Spain,Iñigo Martínez,1,0,0,2022-06-05,2022-06-05
France,Karim Benzema,1,0,0,2022-06-03,2022-06-03
Switzerland,Noah Okafor,1,0,0,2022-06-02,2022-06-02
Mexico,Uriel Antuna,1,0,0,2022-03-30,2022-03-30
New Zealand,Joe Bell,1,0,0,2022-03-30,2022-03-30
Panama,Gabriel Torres,1,0,0,2022-03-30,2022-03-30
Algeria,Ahmed Touba,1,0,0,2022-03-29,2022-03-29
Congo DR,Ben Malango,1,0,0,2022-03-29,2022-03-29
Japan,Maya Yoshida,1,0,0,2022-03-29,2022-03-29
New Zealand,Liberato Cacace,1,0,0,2022-03-27,2022-03-27
Panama,Aníbal Godoy,1,0,0,2022-03-27,2022-03-27
USA,Paul Arriola,1,0,0,2022-03-27,2022-03-27
Ecuador,Jordy Caicedo,1,1,0,2022-03-24,2022-03-24
Iraq,Hussein Ali Al-Saedi,1,0,0,2022-03-24,2022-03-24
New Zealand,Andre de Jong,1,0,0,2022-03-24,2022-03-24
New Zealand,Logan Rogerson,1,1,0,2022-03-24,2022-03-24
Panama,Rolando Blackburn,1,0,0,2022-03-24,2022-03-24
Paraguay,Robert Morales,1,0,0,2022-03-24,2022-03-24
Portugal,Matheus Nunes,1,0,0,2022-03-24,2022-03-24
Turkiye,Burak Yılmaz,1,0,0,2022-03-24,2022-03-24
New Zealand,Clayton Lewis,1,1,0,2022-03-21,2022-03-21
Canada,Atiba Hutchinson,1,0,0,2022-02-02,2022-02-02
Senegal,Abdou Diallo,1,0,0,2022-02-02,2022-02-02
Senegal,Idrissa Gueye,1,0,0,2022-02-02,2022-02-02
USA,Walker Zimmerman,1,0,0,2022-02-02,2022-02-02
USA,Weston McKennie,1,0,0,2022-02-02,2022-02-02
Australia,Aaron Mooy,1,0,0,2022-02-01,2022-02-01
Brazil,Antony,1,0,0,2022-02-01,2022-02-01
Ecuador,Michael Estrada,1,0,0,2022-02-01,2022-02-01
Korea Republic,Kim Jin-su,1,0,0,2022-02-01,2022-02-01
Korea Republic,Kwon Chang-hoon,1,0,0,2022-02-01,2022-02-01
Uruguay,Edinson Cavani,1,0,0,2022-02-01,2022-02-01
Canada,Sam Adekugbe,1,0,0,2022-01-30,2022-01-30
Panama,Azmahar Ariano,1,0,0,2022-01-30,2022-01-30
Senegal,Cheikhou Kouyaté,1,0,0,2022-01-30,2022-01-30
Australia,Riley McGree,1,0,0,2022-01-27,2022-01-27
Australia,Tom Rogic,1,0,0,2022-01-27,2022-01-27
Japan,Yuya Osako,1,1,0,2022-01-27,2022-01-27
USA,Antonee Robinson,1,0,0,2022-01-27,2022-01-27
Algeria,Sofiane Bendebka,1,0,0,2022-01-20,2022-01-20
Egypt,Mohamed Abdelmonem,1,0,0,2022-01-19,2022-01-19
Ghana,Richmond Boakye,1,0,0,2022-01-18,2022-01-18
Tunisia,Hamza Mathlouthi,1,0,0,2022-01-16,2022-01-16
Morocco,Selim Amallah,1,0,0,2022-01-14,2022-01-14
Cote d'Ivoire,Max Gradel,1,0,0,2022-01-12,2022-01-12
Cabo Verde,Júlio Tavares,1,0,0,2022-01-09,2022-01-09
