dataset_id,title,url,content_type,license_status,relevance_to_project,recommended_use,risk_note
itarek898/football-match-actions-video-dataset,football match actions video dataset,https://www.kaggle.com/datasets/itarek898/football-match-actions-video-dataset,football action video clips,MIT,High,Train/evaluate action recognition for goals tackles red cards,Large download; verify clip provenance before commercial use.
matteog10/dataset-soccer,Dataset Soccer,https://www.kaggle.com/datasets/matteog10/dataset-soccer,frame sequences with ball labels,Unknown,High,Prototype ball detection and trajectory prediction,Unknown licence means research-only until verified.
shreyamainkar/football-soccer-videos-dataset,FOOTBALL-SOCCER-VIDEOS-DATASET,https://www.kaggle.com/datasets/shreyamainkar/football-soccer-videos-dataset,match video archive,Unknown,Medium,Reference catalog only until licence and rights are checked,Do not train from/download for production without permission.
ekrembayar/metrica-sports-football-tracking-data,Metrica Sports Football Tracking Data,https://www.kaggle.com/datasets/ekrembayar/metrica-sports-football-tracking-data,tracking data,Unknown,High,Prototype tactical tracking features and pitch-control ideas,Prefer original Metrica licence if using beyond experiment.
secareanualin/football-events,Football Events,https://www.kaggle.com/datasets/secareanualin/football-events,event data,Unknown,High,Train event-sequence summaries and match report generation,Not video; useful for tactical/event model pretraining.
aleespinosa/soccer-match-event-dataset,Soccer match event dataset,https://www.kaggle.com/datasets/aleespinosa/soccer-match-event-dataset,event data / Wyscout-derived,CC BY 4.0,High,Train event-aware tactical summary and xG-style features,Requires attribution and source citation.
atomscott/soccertrack,SoccerTrack,https://www.kaggle.com/datasets/atomscott/soccertrack,annotated soccer tracking video,Dataset-specific,Medium,Multi-object tracking research prototype,Review dataset-specific terms before model training.
sadhliroomyprime/football-semantic-segmentation,Football Semantic Segmentation,https://www.kaggle.com/datasets/sadhliroomyprime/football-semantic-segmentation,segmented football frames,CC BY 4.0,Medium,Segmentation/class detection experiments,Attribution required; small frame count.
atomscott/teamtrack,TeamTrack,https://www.kaggle.com/datasets/atomscott/teamtrack,multi-sport tracking video,Dataset-specific,Medium,Tracking benchmark ideas for broadcast/full-pitch video,Review terms and football subset details.
